-28.99632072,25.08714294,Bronkhorstbaai
-28.99632072,25.08714294,Hazeldean
-26.32170296,27.82608604,Lenasia Ext 3
-26.72627068,27.87922096,Riverspray Lifestyle Estate
-25.81826885,28.31818324,Woodhill Golf Estate
-28.99632072,25.08714294,Sky City
-26.14208984,28.08448029,North Riding
-34.09241867,21.26029778,Riversdale
-26.0920105,27.80499268,Noordheuwel
-26.3206234,28.4417057,Sharon Park
-26.26859093,27.81581497,Protea Glen
-26.30326271,28.18478394,Roodekop
-25.66164017,28.09943581,Chantelle
-28.99632072,25.08714294,Thatch Hill Estate
-25.87848854,28.11363411,Heuweloord
-25.75943565,28.28433418,Lynnwood Manor
-25.76667213,28.25456429,Menlo Park
-24.70393181,28.40916252,Elandspoort
-28.99632072,25.08714294,Thatchfield Estate
-28.99632072,25.08714294,Presidents Dam
-25.79754257,28.33170319,Bronberg
-25.93249893,28.18990135,Midlands Estate
-26.1740799,28.1653595,Solheim
-26.12967873,28.37207413,Crystal Park
-26.2397213,27.93235207,Orlando East
-26.16146088,27.83325386,Groblerpark
-26.35826492,27.40514183,Carletonville Central
-26.66022682,27.96643639,Three Rivers
11.66738415,-1.07239723,Tsakane Central
-26.10421371,27.96370316,Randpark Ridge
-26.24368668,28.00671577,Ormonde
-26.09679794,28.06774902,Strathavon
-25.95627213,28.22916222,Clayville
-25.58598518,28.1074276,Soshanguve XX
-26.32170296,27.82608604,Lenasia
-26.12324524,28.03554535,Hyde Park
-25.99300003,28.11000061,Halfway Gardens
-25.86739731,28.13875008,Celtisdal
-26.13837242,28.01779938,Parkhurst
-26.72376442,27.85707474,Vanderbijlpark SE 6
-26.0073452,27.99879456,Fourways Gardens
-26.23000908,28.22613525,Reigerpark
-28.99632072,25.08714294,Wildtuin Park
-26.02770233,27.99363327,Douglasdale
-26.05034637,28.03454971,Bryanston
-25.64181709,28.10421562,The Orchards
-29.73589897,25.93452644,Edenburg
-25.66462898,28.25764656,Bougainvillea Estate
-26.29727554,27.89595032,Eldorado Park
-26.2773037,28.04131889,Glenvista
-26.07594299,28.23721695,Glen Marais
-26.15918159,28.07371712,Norwood
-26.11276054,28.20293045,Cresslawn
-26.50162888,28.36060143,Heidelberg Central
-26.14208984,28.08448029,Highlands North
-25.82925415,28.26074409,Elarduspark
-25.79087639,28.23944664,Waterkloof Ridge
-26.23722839,28.3626461,Brakpan Central
-26.64339256,27.99278259,Risiville
-25.78966904,28.26129913,Waterkloof Park
-25.80537605,28.2374382,Monument Park
-26.35347557,28.19787598,Vosloorus Ext 6
-26.72731018,27.84529686,Vanderbijlpark SE 2
-25.79439545,28.30009651,Garsfontein
-26.16740608,28.0090313,Emmarentia
-28.99632072,25.08714294,Soshanguve South Ext 3
-26.70051765,27.83483696,Vanderbijlpark CE7
-28.99632072,25.08714294,Waterfall Country Village
-33.87687683,18.6348381,Tyger Valley
-26.15965271,27.88988686,Discovery
-29.10536575,26.20879745,Westdene
-26.38811493,28.14292336,Palm Ridge
-33.93502426,25.29911995,Geduld
-26.57300186,27.83918571,Sebokeng Zone 10
-26.32170296,27.82608604,Lenasia South
-25.86042213,28.1422081,Wierda Park
-25.53684425,28.08749199,Soshanguve M
-25.83165169,28.21382141,Lyttelton Manor
-28.99632072,25.08714294,Heatherview
-26.20259666,27.86724091,Bram Fischerville
-26.01946831,28.03042221,Lonehill
-26.15060806,28.03189659,Parkwood
-26.11443901,28.12380981,Lombardy East
-28.99632072,25.08714294,Dainfern Valley Estate
-26.01890182,27.98040009,Fernbrook Estate
-25.70406914,28.20318604,Wonderboom South
-26.00235558,28.18878746,Ivory Park
-26.24701118,28.26716042,Parkrand
-25.83669281,28.15215874,Eldoraigne
-25.63465691,28.10667419,Rosslyn
-26.70051765,27.83483696,Vanderbijlpark SW 5
-26.17770195,28.13429642,Bedfordview
-26.17157173,27.90881729,Florida
-25.83703232,28.25259972,Rietvalleirand
-25.78772354,28.10012245,Laudium
-25.99451447,27.99107361,Broadacres
-25.8135891,28.28781128,Moreleta Park
-26.10338593,27.98859215,President Ridge
-25.71043968,28.1492424,Daspoort
-26.09274483,28.09524918,Marlboro Gardens
-26.25668907,28.4412384,Springs Central
-28.99632072,25.08714294,Silverwoods Country Estate
-26.32196426,27.65275002,Westonaria
-26.26016808,28.07025528,Linmeyer
-25.75047112,28.31028557,Murrayfield
-25.73950768,28.13103294,Danville
-25.92381287,28.21194649,Midstream Ridge Estate
-26.1714592,28.05500031,The Wilds
-26.0422554,28.05824471,Rivonia
-25.46575546,28.09508133,Soshanguve GG
-26.17556572,28.42922783,Modder East
-25.50437737,30.97356606,Heuwelsig Estate
-26.25440407,28.34897232,Kenleaf
-26.17184448,27.75300598,Azaadville
-28.99632072,25.08714294,Walker Fruit Farms
-28.99632072,25.08714294,Sylviavale
-25.89499474,28.15488243,Rooihuiskraal
-25.99230766,28.01843262,Helderfontein Estate
-28.99632072,25.08714294,Pebble Rock Golf Village
-25.53813362,28.09667969,Soshanguve K
-28.99632072,25.08714294,Pinehaven
-25.59898949,28.10856056,Soshanguve B
-25.7402916,28.3138237,Meyerspark
-26.2091465,28.30881882,Actonville
-26.16860771,28.08163643,Mountain View
-26.18216324,28.07005692,Bellevue East
-26.09791183,28.03882027,Parkmore
-26.16959763,27.8485508,Goudrand
-26.25473785,28.03979683,Forest Hill
-26.05407524,28.11418533,Buccleuch
-25.81118393,28.14902878,Valhalla
-26.26202011,28.162117,Dinwiddie
-26.27710915,28.44202042,Selection Park
-26.0864315,28.24558067,Aston Manor
-25.75159073,28.15385437,Pretoria West
-26.18402863,28.35715866,New Modder
-25.73807907,28.34942627,Nellmapius
-26.28257179,28.11678123,Randhart
-25.70536423,28.27661324,East Lynne
-26.08547974,28.08395958,Wendywood
-28.99632072,25.08714294,Diswilmar AH
-26.26482391,28.23866081,Freeway Park
-28.99632072,25.08714294,Ninapark
-25.54849625,28.04175186,Erasmus
-28.99632072,25.08714294,Eike Park
-26.47920227,28.34498978,Overkruin
-25.59625053,28.09916878,Soshanguve East
-26.16387476,28.2748099,Olympus AH
-26.1681385,28.25347137,Bartlett
-28.99632072,25.08714294,North Riding AH
-26.36453819,28.10959053,Albertsdal
-26.1388092,27.83529472,Witpoortjie
-25.99552345,28.15103149,President Park
-26.28256226,28.25577164,Windmill Park
-29.82098389,31.01403999,Morningside
-26.05628586,28.17739487,Chloorkop
-28.99632072,25.08714294,Mantevrede
-26.0479406,28.2072567,Kempton Park Ext 3
-26.25589561,28.04495049,Towerby
-25.6373806,28.12350273,Klerksoord
-26.41576958,27.8474102,Mid Ennerdale
-26.17158318,27.71356392,Hectorton
-26.20000839,27.91697311,Fleurhof
-26.17111206,28.28994942,Farrarmere
-26.26029778,28.25461769,Sunward Park
-25.68752289,28.23552132,Magalieskruin
-26.28602982,28.13458061,New Market Park
-26.16142273,27.86545563,Roodepoort
11.66738415,-1.07239723,Edenvale Central
-25.70007133,28.10532951,Andeon
-26.21782684,28.04119492,Kempton Park Central
-25.56261253,28.07894325,Soshanguve UU
-26.10731125,28.0341835,Hurlingham
-26.06122971,28.20732117,Birch Acres
-26.0013485,28.1748085,Ebony Park
-26.16132736,27.69669151,Greenhills
-26.63445854,27.94353104,Arcon Park
-28.99632072,25.08714294,Geduld Ext 1
-25.54604721,28.09764481,Soshanguve L
-26.22102928,27.6954422,Mohlakeng
-28.10000038,26.31666756,Brackenhurst
-26.3001194,28.1021862,Meyersdal
-25.93379402,28.116539,Blue Valley Golf Estate
-26.69174194,27.84102821,Vanderbijlpark CE 2
-26.16077805,27.96288681,Greymont
-25.98176384,27.97332954,Chartwell
11.66738415,-1.07239723,Centurion Central
-26.3755703,28.41556931,Duduza
-25.67193222,28.16321945,Dorandia
-26.2809124,28.27485847,Salfin
-26.68297958,27.84384918,Vanderbijlpark CE 3
-28.99632072,25.08714294,Savanna City
-26.33090973,27.97127151,Eikenhof
-26.18874168,28.51268578,Persida
-26.17526627,28.18116188,Gerdview
-26.0268631,28.02645493,Magaliessig
-33.95833206,18.57838821,Montana
-25.89455986,28.13181686,The Reeds
-26.12493324,28.07951927,Bramley
-26.49224281,27.8771286,Orange Farm
-25.95909691,28.09959793,Summerset
-26.07684326,27.93996429,Sundowner
-25.70406914,28.20318604,Wonderboom
-26.09347343,28.20605659,Edleen
-25.91333389,28.18564224,Midstream Estate
-28.99632072,25.08714294,Avianto Estates
-25.43319321,28.10741043,Soshanguve V
-25.9430294,28.13190842,Country View
-26.1605854,27.87484741,Roodepoort North
-26.25859833,27.95659065,Diepkloof
-25.71668816,28.11543274,Kirkney
-26.50334358,27.84247208,Stretford
-28.99632072,25.08714294,Rensburg
-26.65904045,28.00704956,Three Rivers East
-28.99632072,25.08714294,Rosashof
-29.69046974,30.94787598,Inanda
-28.99632072,25.08714294,Zambezi Manor Lifestyle Estate
-25.76256752,28.20727348,Nieuw Muckleneuk
-28.99632072,25.08714294,Leopard's Rest Security Estate
-25.86731529,28.13635063,Raslouw
-25.92379189,28.09938431,Olievenhoutbosch
-26.34496689,28.24804878,Mapleton
-25.67221832,28.51968002,Cullinan
-26.11513901,27.99746513,Robindale
-25.99863434,28.08093834,Willaway
-25.88998604,28.6893425,Kungwini Country Estate
-24.87104416,25.86515617,Meadowlands East
-26.06898117,28.0422802,River Club
-25.7436924,28.21119308,Arcadia
35.20018256,-89.73798517,Misty Bay
-26.65495491,27.9394455,Duncanville
-26.14656258,28.01462364,Greenside
-26.02391052,27.97070885,Bloubosrand
-1.31417239,36.83766937,Mabopane  Unit B
-26.26984406,28.31395149,Helderwyk
-26.71813583,27.82239914,Vanderbijlpark SW 2
-26.29898262,28.2442131,Dawn Park
-33.94190598,18.46736908,Observatory
-26.08082771,28.20285225,Terenure
-26.15555573,27.97829247,East Town
-26.04774094,28.23849678,Birchleigh North
-28.99632072,25.08714294,Benoni AH
-26.1874485,28.23045731,Dayanglen
-26.24814606,28.03263664,Turf Club
-26.18673706,28.08524513,Bezuidenhout Valley
-26.31878281,28.0866375,Brackendowns
-26.14926147,28.10422134,Sandringham
-25.69775963,28.25863266,Waverley
-25.94712448,28.1158371,Sagewood
-26.26443291,28.14103508,Verwoerdpark
-25.73233223,28.2974205,Silverton
-26.71283913,27.85488701,Vanderbijlpark SE 7
-25.55775261,28.08221245,Soshanguve WW
-26.15371704,28.09379387,Sydenham
-25.87060165,28.24216652,Cornwall Hill
-26.20075989,28.41653061,Dersley
-26.96030426,24.72658157,Naledi
-26.66022682,27.96643639,Three Rivers Proper
-25.74752045,28.08524132,Lotus Gardens
-28.99632072,25.08714294,Soshanguve South Ext 4
-25.87525558,28.09546661,Monavoni
-30.56225395,27.57665634,Hillside
-26.16932297,27.68392563,Randgate
-26.11800003,28.15600014,Greenstone Hill
2.09910059,17.29421425,Stone Ridge
-28.99632072,25.08714294,La Como Lifestyle Estate
-28.99632072,25.08714294,Midstream Heights
-26.13518715,28.13915253,Marais Steyn Park
-26.40426254,27.90146637,Kanana Park
-26.10835457,28.00846863,Blairgowrie
-26.15625,27.90840149,Florida Park
-25.83894909,28.36716857,Zwavelpoort AH
-25.65957832,28.16982269,Pretoria North
-26.21234512,27.86769867,Mmesi Park
-26.18069267,28.20519066,Witfield
-25.7570591,28.37355614,Savannah Country Estate
-26.11988449,28.0652523,Atholl
-26.11847115,28.46750259,Etwatwa
-28.99632072,25.08714294,Randjesfontein AH
-26.1828537,28.06227112,Yeoville
-26.13021088,27.85990524,Helderkruin
-26.26814079,28.22565079,Elspark
-30.24609566,28.76764488,Jabavu
-26.0628624,27.96025467,Sharonlea
-26.49302673,27.49391556,Fochville
-26.24289322,28.0640831,The Hill
-30.93725586,28.97261238,Emoyeni
-26.0044899,28.01053238,Witkoppen
-25.95182991,28.09096146,Blue Hills
-28.99632072,25.08714294,Aquavista Mountain Estate
-26.2467823,28.05669022,Rosettenville
-25.50688553,28.09942818,Soshanguve AA
-25.75695419,28.2529068,Lynnwood
-26.07410812,27.83790207,Featherbrooke Estate
-33.88490295,18.49144173,Unitas Park
-26.27061081,28.05602837,Bassonia
-33.94509888,22.41878319,Riverlea
-26.34753227,27.89213753,Lehae
-26.11695862,28.26847839,Pomona
-26.14400673,28.18076134,Highway Gardens
-28.99632072,25.08714294,Mooikloof Equestrian Estate
-29.69127083,30.31998444,Edendale
-25.51688194,28.09603119,Soshanguve F
-25.50323296,28.11079597,Soshanguve CC
-25.83193779,28.27224541,Wingate Park
-25.67559433,28.13375854,Theresapark
-26.14953995,28.33136749,Rynfield
-26.17859459,27.69025803,Culemborg Park
-28.99632072,25.08714294,Mooilande
-26.00357056,28.10453987,Vorna Valley
-26.16083908,28.0871067,Orange Grove
-26.14110374,28.04478455,Melrose
-28.99632072,25.08714294,Sonland Park
-25.66128159,28.1132679,Karenpark
-26.53177834,27.86616898,Evaton Central
-26.14637375,28.1750145,Buurendal
-28.99632072,25.08714294,Steyn City
-28.99632072,25.08714294,Eye Of Africa Estate
-28.18899536,26.72344971,Beverley
-25.72278023,28.1850605,Capital Park
-25.93388176,28.13441658,Valley View Estate
-28.99632072,25.08714294,Soshanguve East Ext 4
-25.40126991,28.30668068,Dinokeng Game Reserve
-26.51475334,28.35130119,Shalimar Ridge
-26.09409714,28.00160599,Ferndale
-26.01656342,27.9340477,Cosmo City
-25.89893723,28.11232758,Rua Vista
-26.14224815,27.89941406,Constantia Kloof
-28.99632072,25.08714294,Dalpark Ext 1
14.10035515,-60.9361763,Golf Park
-26.10610199,27.81590271,Kenmare
-26.19115639,27.80805779,Tshepisong
-26.08576965,28.18605995,Kempton Park West
-26.2532692,28.52691078,Aston Lake
-26.27204895,27.84132576,Protea North
-26.23789215,28.07338524,Regents Park
-26.10174561,27.77151489,Krugersdorp Central
-26.35347557,28.19787598,Vosloorus
-25.77827263,28.29703712,Faerie Glen
-26.07728004,28.21804619,Van Riebeeck Park
-25.78841591,28.3602047,Lombardy Estate
-26.13243103,28.16570663,Eden Glen
-25.98478699,27.99773979,Dainfern Golf Estate
-25.4542408,28.08095932,Soshanguve JJ
-28.99632072,25.08714294,Copperleaf Estate
-26.70051765,27.83483696,Vanderbijlpark Central
-26.29412079,28.39127541,Kwa Thema
-26.17580223,28.17207909,Symhurst
-26.11174202,27.79350853,Wentworth Park
-25.56324005,28.06039429,Soshanguve South
-25.50726128,28.12328911,Soshanguve G
-26.11164665,27.84819412,Roodekrans
-26.50232124,28.34214401,Jordaan Park
-25.77938843,28.32646751,Wapadrand
-25.79982567,28.32674408,Boardwalk Manor
-26.61368752,27.92818642,Van Der Merwes Kroon
-26.68912888,27.85105705,Vanderbijlpark CE 4
-26.19659233,28.09033394,Kensington
-28.99632072,25.08714294,Eligwa Estate
-25.98488808,27.98817444,Dainfern
-26.16727829,27.67758179,Randpoort
-26.03786469,28.07394981,Sunninghill
-25.9818411,28.1997414,Riverside View Ext 30
-25.65326691,28.11844444,Clarina
-25.68733788,28.15718842,Florauna
-25.67509842,28.21686935,Sinoville
-25.60309982,28.10870934,Soshanguve A
-26.71416664,27.83023643,Vanderbijlpark SW 1
-28.99632072,25.08714294,Brooklands Lifestyle Estate
11.66738415,-1.07239723,Tembisa Central
-25.63109779,28.38342285,Roodeplaat
-26.20164108,28.24223137,Comet
-24.99639511,29.39966202,Leeuwfontein
-25.9980278,28.06891632,Kyalami
2.09910059,17.29421425,Morganridge
-26.16219902,28.06178856,Houghton Estate
-26.22975731,28.4353199,Petersfield
-26.04836519,28.20746592,Kempton Park Ext 2
-25.7805515,28.3649436,Silver Lakes Golf Estate
-28.99632072,25.08714294,Rooihuiskraal North
-26.14039612,27.9769249,Northcliff
-25.49375343,28.09202957,Soshanguve BB
-26.09663963,27.74612236,Krugersdorp West
-26.22163963,27.86237526,Dobsonville Ext 2
-25.67730713,28.25687218,Montana Tuine
-26.3751049,27.80444908,Lawley
-26.09396553,27.76113892,Quellerie Park
11.66738415,-1.07239723,Boksburg Central
-26.2725563,28.11297798,New Redruth
-26.09519005,28.05096817,Benmore Gardens
-25.64675903,28.2312336,Doornpoort
-33.92971039,18.41091919,Erand Gardens
-26.70230293,27.82928467,Vanderbijlpark CW 1
-26.57300186,27.83918571,Sebokeng Zone 16
-26.01478386,27.98674202,Craigavon
-25.6645031,28.25269699,Rose Acres Estate
-25.77032852,28.34832573,Equestria
-26.22069931,27.90099525,Meadowlands
-28.99632072,25.08714294,Helikonpark
-33.42495346,19.20764351,Montana Park
-26.35347557,28.19787598,Vosloorus Ext 2
-26.0291214,27.94886589,Kya Sands
-25.74212456,28.28363228,Brummeria
-25.77226448,28.35676193,Six Fountains
-28.99632072,25.08714294,Andeon AH
-28.99632072,25.08714294,Talboton
-26.2600708,28.1278286,Alberton Central
-28.99632072,25.08714294,Georginia
-31.5440712,28.7542305,Highbury
-25.57737732,28.09607315,Soshanguve VV
-28.78918839,20.62410545,Bergsig
-26.74085999,27.84824371,Vanderbijlpark SE 3
-25.72083092,28.14670181,Pretoria Gardens
-26.24557877,28.01854897,Robertsham
-26.11779976,29.12241554,Klippoortjie
-26.19075584,28.32159805,Benoni West
-28.99632072,25.08714294,Dalpark Proper
-26.02663994,28.00478172,Fourways
-25.5087986,28.06579208,Mabopane  Unit U
-25.48877525,28.11078835,Soshanguve DD
-26.24742126,28.20212555,Elsburg
-26.17485809,28.01016808,Melville
-25.82963775,28.15878845,Zwartkop Golf Estate
-25.65071106,28.30784798,Kameeldrift East
-26.60780144,28.02205086,Meyerton Ext 6
-26.58353424,28.00816345,Meyerton South
-26.14236259,28.0290432,Parktown North
-26.09924889,28.10834885,Alexandra East Bank
-33.94574356,22.47627831,Denneoord
-26.30326271,28.18478394,Leondale
-26.26799965,28.0170002,Winchester Hills
-26.26893425,27.62144089,Venterspos
-28.99632072,25.08714294,Glenway Estate
-28.99632072,25.08714294,Bootha AH
-26.23968506,28.08192825,Roseacre
-26.12367821,27.8328476,Breaunanda
-25.90825653,28.17593193,Heritage Hill
-33.98406219,18.47377777,Claremont
-28.99632072,25.08714294,Hesteapark
-26.27273941,28.02911949,Suideroord
-28.99632072,25.08714294,Wilro Park
-28.99632072,25.08714294,Duxberry
-26.7156105,27.81269836,Flora Gardens
-26.24630737,28.3455143,Dalview
-26.32170296,27.82608604,Lenasia Ext 1
38.89070129,-78.49800873,Fishers Hill
-26.01742744,28.17318916,Rabie Ridge
-26.41944885,28.47301102,Nigel Central
-26.20299339,27.70525551,Toekomsrus
-26.15617752,28.10407829,Linksfield North
2.09910059,17.29421425,Morning Hill
-26.20226288,28.10375404,Malvern
-25.83628845,28.18748665,Die Hoewes
-26.10955811,28.09581375,Alexandra
-26.11667061,27.95812035,Kelland
-26.15490341,27.85001755,Davidsonville
-26.12734604,27.88105011,Kloofendal
-26.12267113,28.11099625,Corlett Gardens
-26.10000038,28.19000053,Esther Park
-25.86639023,28.18464088,Zwartkop
-25.98278046,28.10360909,Carlswald
-28.99632072,25.08714294,Heatherdale AH
-25.99913025,28.08864212,Kyalami Hills
-26.25418663,27.99433327,Ridgeway
-26.70135498,27.81735611,Vanderbijlpark CW 6
-25.91358566,27.91938972,Blair Atholl Golf Estate
-25.72434425,28.24971962,Queenswood
-26.25003433,28.37322998,Brenthurst
-26.3452549,27.3890419,Oberholzer
-26.37661171,27.28160095,Welverdiend
-25.73048401,28.2311039,Rietondale
-26.12398529,28.05410576,Illovo
-25.70304108,28.32853508,Mamelodi East
-26.57300186,27.83918571,Sebokeng Zone 7
11.66738415,-1.07239723,Sebokeng Central
-26.74467659,20.02688789,Rietfontein
-28.99632072,25.08714294,Willow Acres Ext 9
-26.70307541,27.88337517,Bedworth Park
-26.13288689,27.99325943,Linden
-26.1043644,27.97455978,Fontainebleau
-26.31050301,28.05278969,Liefde En Vrede
-26.00657463,28.21809769,Ibazelo
-29.0402298,29.43161964,Falcon Ridge
-26.25523186,28.16976166,Castleview
-26.2902565,28.04545403,Mulbarton
-26.6884861,27.83036995,Vanderbijlpark CW 3
-25.88874006,28.2158077,Centurion Golf Estate
-25.83589935,28.16353989,Clubview West
-26.34751701,28.43514252,Dunnottar
-26.22163963,27.86237526,Dobsonville
-28.99632072,25.08714294,Waterlake Farm Lifestyle Estate
-25.67089081,28.09538841,Amandasig
-26.17951775,28.17983437,Primrose
-26.60475349,27.9954071,Rothdene
-28.99632072,25.08714294,Laudium Ext 2
-34.10214142,20.96680655,Heidelberg Kloof Estate
-26.87049103,26.66446495,Eastleigh
-25.67209053,28.20312119,Annlin
-26.24570847,28.08724213,South Hills
-33.99547958,18.47844696,Kenilworth
-26.1753006,28.04044342,Parktown
-26.2305584,28.25164604,Parkdene
-26.18170166,28.26815605,Beyers Park
-26.29605103,28.21991539,Rondebult
-26.15200043,28.07500076,Orchards
-26.22976494,27.811203,Dobsonville Gardens
-25.82271385,28.73716545,Cultura Park
-26.1858902,28.13123322,Oriel
-26.1267662,27.9984684,Pine Park
-28.99632072,25.08714294,Alliance
-28.99632072,25.08714294,Ililiba
-28.99632072,25.08714294,Thatchfield Close
-25.68930054,28.12392235,Lady Selborne
-28.99632072,25.08714294,Modderbee
-26.07257652,28.07165337,Morningside Manor
-26.67301369,27.92876434,Vereeniging Central
-28.99632072,25.08714294,Meyersdal Eco Estate
-26.08017349,28.09688187,Kelvin
-26.11054611,28.0263958,Craighall
-26.22870369,27.8420702,Morula View
-25.8151741,28.09026527,Erasmia
-26.24297523,28.03269577,Turffontein
-26.14007187,27.82513046,Mindalore
-25.8403759,28.24522781,Pierre Van Ryneveld
-26.09377098,27.97755241,Malanshof
-25.82735825,28.02675629,Hennops River
-26.06497383,28.07665253,Gallo Manor
-26.26071167,28.15732574,Albemarle
11.66738415,-1.07239723,Randfontein Central
-25.85266113,28.24178314,Irene Farm Villages
-26.13981056,28.42638588,Daveyton
-26.11441231,28.16977501,Illiondale
-26.37997818,28.18704605,Katlehong South
-26.05850792,28.23535156,Birchleigh
-25.7742424,28.24220085,Brooklyn
-28.99632072,25.08714294,Kempton Park AH
-25.77782631,28.26001167,Maroelana
-26.11914825,27.82264709,Silverfields
-26.08938789,27.7702179,Krugersdorp North
-26.19943047,28.33768845,Mackenzie Park
-25.58995819,27.96843529,Ga-rankuwa Unit 20
-26.6869278,27.81820488,Vanderbijlpark CW 5
-26.49123192,28.06432724,Daleside
-26.29678917,28.44285393,Selcourt
-26.05311203,27.9812603,Olivedale
-26.1788826,27.90343857,Florida Lake
-26.18149757,28.29107666,Lakefield
-25.96248817,28.0726738,Blue Hills Country Estate
-28.99632072,25.08714294,Ebotse Golf Estate
-26.12944031,27.93055916,Weltevreden Park
-29.8638134,30.88394737,Northdene
-25.74853325,28.23817253,Hatfield
-26.15597343,28.15056419,Dunvegan
-26.3367424,27.3005867,Slovo
-25.80171394,28.27217865,Waterkloof Glen
-25.92806053,28.14686775,Kosmosdal
-25.69973564,28.41182709,Mahube Valley
-25.73719215,28.1523056,Philip Nel Park
-25.72839355,28.26200294,Kilner Park
-25.85258484,28.25998878,Country Lane Estate
-34.59334183,-58.63784027,Hurlingham Manor
-28.99632072,25.08714294,Risi AH
-26.1962719,28.2409687,Boksburg West
-25.71794701,28.30921745,Eersterust
-28.99632072,25.08714294,The Hills Game Reserve Estate
-25.37160683,28.24529457,Kudube
-26.10024071,28.05727577,Sandown
-25.71751404,28.04002953,Magaliesmoot AH
-26.16542244,28.32011986,Northmead
-26.0886898,27.96410179,Bromhof
-26.11628914,28.25160027,Bonaero Park
-26.87544632,28.22990608,Vaal Marina
-28.99632072,25.08714294,Restonvale AH
-26.2573204,28.08919716,Risana
-25.57328987,28.01070976,Ga-rankuwa Unit 9
-28.99632072,25.08714294,Candlewoods Country Estate
-26.15169144,27.97928238,Waterval Estate
-25.48898315,28.10102081,Soshanguve PP1
-28.99632072,25.08714294,Leeuwfontein Estate
-26.28281784,27.9554863,Naturena
-26.02070427,28.18624687,Entshonalanga
-26.32170296,27.82608604,Lenasia Ext 5
-25.67106819,28.35262489,Baviaanspoort
1.11277699,44.03100586,Meadowlands West
-26.06575394,27.95914078,Northwold
-25.57879448,27.99818993,Ga-rankuwa Unit 15
-28.99632072,25.08714294,Blue Saddle Ranches
-28.99632072,25.08714294,Waterfall Country Estate
-26.43017578,27.86713982,Ennerdale
-26.15822601,28.15740967,Elma Park
-26.26142883,28.05691338,Oakdene
-26.27281189,28.34488297,Sunair Park
-26.30138779,28.0056324,Kibler Park
-26.32196426,27.65275002,Westonaria Rural
-25.70853806,28.2915535,Jan Niemand Park
-26.11396217,27.96843529,Randpark
-26.70051765,27.83483696,Vanderbijlpark SW
-25.77928734,28.24555206,Waterkloof
-26.09956551,27.87510681,Amorosa
-26.28917885,28.1974144,Buhle Park
-26.242939,27.80058098,Lufhereng
-26.32170296,27.82608604,Lenasia Ext 2
-28.99632072,25.08714294,Kaydale
-26.19833755,27.69035339,Aureus
50.96881485,-1.3518858,Eastleigh Ridge
-26.29800797,28.40213203,Mthembu Village
-28.99632072,25.08714294,Norton Home Estate
36.00643539,-95.88362885,Grootfontein Country Estates
-25.89393997,28.11797523,Thatchfield Ridge
-26.2395649,28.17072487,Lambton
-26.23753166,28.05779648,La Rochelle
-26.15996933,28.26515007,Impala Park
-25.84971428,28.17255211,Hennopspark
-26.32767487,28.25795555,Villa Liza
-26.67998314,27.82823181,Vanderbijlpark CW 4
-26.23023415,28.35700607,Anzac
-26.46904564,27.84415436,Drieziek
-26.26285362,28.34329796,Sonneveld
-25.75945091,28.30542946,Die Wilgers
-26.42348099,28.16641617,Zonkezizwe
-28.99632072,25.08714294,Wilbotsdal AH
-26.12059212,28.23127747,Rhodesfield
-26.24287605,28.40474129,New State Areas
-25.9337455,28.0156966,Tsakane Ext 19
-25.76256752,28.20727348,Baileys Muckleneuk
-26.08061981,27.95601463,Boskruin
-25.70304108,28.32853508,Mamelodi Buffer Zone
-26.33665848,28.17021751,Spruit View
-26.1435318,27.86848831,Horizon View
-25.98789978,28.07734108,Kyalami Estate
-25.5087986,28.06579208,Mabopane
-26.05116844,28.08553505,Khyber Rock
-26.24570847,28.08724213,Beverley Hills
-26.1240139,27.98391914,Cresta
-26.55661964,28.01407623,Meyerton Central
-26.07825661,28.00453377,Kensington B
-28.99632072,25.08714294,Mooikloof Gardens Estate
-26.25750351,28.4696312,Strubenvale
-28.99632072,25.08714294,Monavoni AH
-26.71474457,27.84335136,Vanderbijlpark SE 1
-28.99632072,25.08714294,Vaalview
-28.99632072,25.08714294,Lakeside Estates
-26.12490273,28.0235157,Craighall Park
-33.92971039,18.41091919,Azaadville Gardens
-26.24695778,28.02874565,West Turffontein
-26.17206955,28.3138504,Airfield
-26.0322094,28.04663658,Paulshof
-26.13711548,28.10005379,Glenhazel
-26.14446449,28.19545937,Klopperpark
-26.05657768,28.2233181,Norkem Park
-25.71007729,28.17686844,Roseville
-28.99632072,25.08714294,Buffelsdrift AH
-26.22318649,27.64968491,Kocksoord
-28.99632072,25.08714294,General Albertspark
-25.46770096,28.13282013,Soshanguve X
-26.1691246,28.02649307,Westcliff
-26.10566139,28.14464188,Lakeside
-28.99632072,25.08714294,Rynfield AH
-26.19212341,28.00054741,Brixton
-33.31065369,26.52026939,St Andrews
2.09910059,17.29421425,Chancliff Ridge
-26.10574532,27.87675858,Little Falls
-26.27663231,28.07448387,Bassonia Estate
-26.23165131,28.02409744,Booysens
-25.70648956,28.19233513,Mayville
-28.99632072,25.08714294,Wierdaglen Estate
-25.70304108,28.32853508,Mamelodi
-29.48912621,26.67367172,Midstream Meadows
-26.21074295,28.19937706,Delmore Park
-25.77329254,28.0519886,Saulsville
-26.22278595,28.46842957,Bakerton
-26.07492828,27.8586998,Ruimsig
-28.99632072,25.08714294,Amberfield
-26.07796669,27.77871704,Rant En Dal
-26.74356079,27.83761024,Emfuleni Golf Estate
-25.6695652,28.07815361,Magaliesberg Country Estate
-28.99632072,25.08714294,Welgedag
-26.29024124,28.47799873,Daggafontein
-26.51425362,27.81980705,Evaton West
-26.15164185,28.13941002,Dowerglen
-26.18365479,28.1547184,Dawnview
-26.07949448,27.7635994,Dan Pienaarville
-26.27188683,28.00154495,Mondeor
-28.99632072,25.08714294,Soshanguve South Ext 13
-26.53943253,28.06098175,Henley On Klip
-25.86731529,28.13635063,Raslouw Manor
-26.28305435,27.9329071,Devland
-28.99632072,25.08714294,Roodepark Eco Estate
-26.25294876,28.13747025,Alberton North
-26.17064476,27.98363686,West Park
-25.85632133,28.21024895,Doringkloof
-26.18298149,27.97060776,Westbury
-26.27776146,28.34254265,Minnebron
-26.10511971,27.98613167,Ruiterhof
-25.76256752,28.20727348,Muckleneuk
-25.81328964,28.25289154,Erasmusrand
-26.34708214,28.37228012,Tsakane
-26.14891624,28.29382706,Atlasville
-25.73822403,28.23838615,Colbyn
-27.94009018,26.698843,Jabulani
-26.13380814,28.2930088,Brentwood Park
-26.144484,28.109876,Greenhills Ext 3
-26.17158318,27.95221138,Whiteridge
-26.1780529,28.06847763,Bellevue
-25.38800049,28.84600067,Klipfontein
-26.26472282,28.10201263,Alberante
-25.40853119,28.2368412,Bultfontein AH
-26.0660305,28.25479507,Glen Erasmia
-29.87436104,30.28012848,Richmond
-26.39606094,27.48109436,West Village
-25.82433891,28.30497742,Woodlands Lifestyle Estate
-25.89393997,28.11797523,Thatchfield Manor
-26.47282791,25.29809189,Majaneng
-25.77560043,28.20222282,Groenkloof
-26.62360954,27.94591331,Waldrift
-26.08668518,27.77980232,Pretoriuspark
-28.99632072,25.08714294,Sandhurst Ext 4
-26.09478951,27.90636826,Honeydew Manor
-28.99632072,25.08714294,Crowthorne AH
2.09910059,17.29421425,Protea Ridge
-26.22931671,28.46012115,Payneville
-26.03779221,27.98369217,Jukskei Park
-26.43614006,28.50950623,Alra Park
-28.99632072,25.08714294,Dunblane Lifestyle & Equestrian Estate
-26.03153229,28.21582985,Isiphetweni
-28.99632072,25.08714294,Aspen Hills Nature Estate
-26.20012283,27.75832367,Rietvallei
-26.52585983,27.92755508,De Deur
-26.03591156,27.97571182,Johannesburg North
-25.78164864,28.36376953,Newmark Estate
-26.22766113,27.87678337,Mofolo North
-28.99632072,25.08714294,Geduld Ext 2
-26.13154411,27.9428215,Fairland
-26.64584732,27.88058281,Steel Park
-26.00196075,28.23438072,Mashimong
-32.12056351,28.53042603,Mnandi
-26.20816231,28.07725716,Jeppestown
-26.09730721,27.79079247,Monument
-26.17670059,27.98159981,Sophiatown
-26.25634766,27.84151459,Tladi
-28.99632072,25.08714294,Kyalami AH
-26.25422478,27.88987732,Mofolo South
-25.77086639,28.2833004,Lynnwood Glen
-26.34708214,28.37228012,Tsakane Ext 1
-26.19538879,28.14299965,Primrose Hill
-26.6640377,27.91656303,Leeuhof
-28.99632072,25.08714294,Soshanguve East Ext 3
-25.67383003,28.26636314,Zambezi Country Estate
-26.3772049,28.12212753,Eden Park
-28.99632072,25.08714294,The Glades
-26.34284592,28.36283112,Geluksdal
-26.22475052,28.3441143,Leachville
-28.99632072,25.08714294,Lion Pride
-25.78286552,28.35461235,Leeuwenhof Estate
-28.99632072,25.08714294,Temba Unit 6
-28.99632072,25.08714294,Bredell
-28.99632072,25.08714294,Marister
-26.01199913,27.96500015,Riverbend AH
-26.24061966,28.10902405,Elandspark
-26.15888596,27.78292847,Kagiso
-25.83217049,28.17568207,Clubview
-25.74165916,28.33131599,Willow Park Manor
-25.55416298,28.13456917,Haakdoornboom AH
-26.0075264,27.98340607,Cedar Lakes
-26.44215202,28.41555786,Jameson Park
-26.19041824,28.12257957,Bedford Gardens
-26.1760788,28.10914421,Bruma
-25.5087986,28.06579208,Mabopane  Unit S
-26.07942581,27.92700958,Honeydew
-26.06679726,27.83285332,Homes Haven
-26.20473099,28.02359581,Fordsburg
-33.97222137,18.46276283,Newlands
-26.70067787,27.84405518,Vanderbijlpark CE 1
-25.75417709,28.20885086,Sunnyside
-25.69668579,28.14182472,Suiderberg
-26.01619148,28.19188881,Umnonjaneni
2.09910059,17.29421425,Eldo Manor
-25.83436775,29.24886513,Clearwater Estate
-28.99632072,25.08714294,Brentwood Park AH
-26.04084778,28.01841164,Bryanston East
-26.1938076,27.98591232,Crosby
-28.99632072,25.08714294,Benoni North
-28.99632072,25.08714294,Boschkop AH
-28.99632072,25.08714294,Soshanguve South Ext 2
-26.71864128,27.86559868,Vanderbijlpark SE 10
-28.99632072,25.08714294,Mullerstuine
-26.01345444,28.19610405,Moedi
-26.21581268,28.37732697,Brakpan North
-26.68769836,27.8720665,Sharpeville
-26.11407661,27.98097801,Robin Hills
-25.77973366,28.36931801,Silver Stream Estate
-29.71596718,25.46243858,Kopanong
-33.29042053,27.45615959,Hamberg
-25.80607796,28.26309395,Erasmuskloof
-34.05843353,18.47422791,The Retreat
-26.14832497,28.06911469,Oaklands
-25.93015289,28.01151466,Diepsloot
-26.23338906,28.17379011,Webber
-25.4546032,28.12514877,Soshanguve W
-26.35347557,28.19787598,Vosloorus Ext 25
-25.77429924,28.24070008,Waterkloof 101 Estate
-26.30787659,28.11662483,Mayberry Park
-26.55273819,28.3270359,Ratanda
-28.99632072,25.08714294,Vaaloewer
-26.26238823,28.12961578,Florentia
-28.99632072,25.08714294,Dowerglen Ext 3
-25.80959511,28.34375,Heron Hill Garden Estate
-26.60780144,28.02205086,Meyerton Rural
-25.76771736,28.07831764,Atteridgeville
-26.59229469,27.99806786,Kookrus
-28.99632072,25.08714294,Century Manor Estate
-28.93721199,26.32908058,Thatchfield Glen
-25.75849342,28.11488152,Kwaggasrand
-29.57554245,30.5695343,White City
-30.29675674,29.93485641,Clydesdale
-28.99632072,25.08714294,Serengeti Lifestyle Estate
-26.15866852,27.924366,Florida Hills
-26.22496605,28.38454247,Huntingdon
-28.99632072,25.08714294,Vischkuil
-28.99632072,25.08714294,Oukraal Estate
-26.60780144,28.02205086,Meyerton Park
-26.17102432,28.03676987,Forest Town
-26.32164764,28.00422096,Alveda
-25.48898315,28.10102081,Soshanguve T
-26.20438957,28.01026154,Mayfair
-28.99632072,25.08714294,Gem Valley
-26.13934708,28.18824005,Harmelia
-26.17067909,28.33604622,Morehill
-26.11399906,28.07126875,Riverside View
-25.84572029,28.33021736,Mooikloof Ridge
-26.34708214,28.37228012,Tsakane Ext 11
-26.13997459,27.98013687,Risidale
-28.99632072,25.08714294,Dalpark Ext 11
-26.15546989,27.98470497,Montgomery Park
-26.28449821,28.23903275,Klippoortje
-25.77570915,28.35743332,Six Fountains Residential Estate
-25.07850075,30.78140068,Phola Park
-28.99632072,25.08714294,Farmall AH
-26.27595139,28.46450233,Edelweiss
-25.95066833,28.11826134,Noordwyk
-26.14570236,27.85654831,Reefhaven
-26.18772888,27.98593903,Hurst Hill
-26.25668907,28.4412384,Palm Springs
-26.10356331,28.15211487,Thornhill Estate
-26.16142273,27.86545563,Roodepoort Central
-26.69372559,27.79739189,Bophelong
-26.24570847,28.08724213,Sable Hills
-26.16191864,28.11840057,Bedford Park
-28.99632072,25.08714294,Doornrandje
39.01927567,-76.69274139,Amberfield Ridge
-30.43216515,24.99484825,Derdepoort
-25.49220085,28.05278969,Lebanon
-28.99632072,25.08714294,Tenacre AH
-25.73334885,28.26921082,Weavind Park
-25.84165764,28.1242733,Eldo Village Estate
-26.20615578,27.65361595,Finsbury
-26.42649269,28.47873497,Ferryvale
-28.51399231,24.69706917,Windsor On Vaal
-29.16014671,26.19360161,Fleurdal
-26.2002182,28.25495338,Ravenswood
-28.99632072,25.08714294,Knoppieslaagte
-25.74571991,28.52895546,Rayton
-25.93916512,27.92575073,Lanseria
-26.27772331,28.11580086,Raceview
-25.78263092,28.26331902,Alphen Park
-25.79093742,28.35289955,Shere
-26.42687988,27.85984421,Grasmere
-28.29179001,26.15329742,Tswelopele
-26.41700935,28.46292114,Glenvarloch
-25.38317871,28.17582893,Stinkwater
-26.1930542,28.21499634,Lilianton
-26.73299408,27.85793495,Vanderbijlpark SE 4
-28.99632072,25.08714294,Featherwood Retirement Estate
-26.14737892,27.98703003,Franklin Roosevelt Park
-26.08631706,27.8571701,Poortview
-26.11865616,28.10746384,Bramley View
-26.49544525,27.46895027,Kokosi
-26.16542816,27.94249916,Florida Glen
-28.99632072,25.08714294,Laudium Ext 3
11.66738415,-1.07239723,Bronkhorstspruit Central
-26.60103798,27.81099701,Johandeo
-26.18026543,28.19191742,Marlands
-26.19771957,27.99893379,Mayfair West
-26.1987896,28.12339211,Malvern East
-26.14076424,28.09425163,Percelia Estate
-25.99650192,28.22469521,Tlamatlama
-25.71468163,28.15999985,Hermanstad
-26.05735207,27.92059517,Jackal Creek Golf Estate
-28.99632072,25.08714294,Savannah Hills Estate
-25.98042488,28.23622704,Hospital View
-26.11615562,27.82870865,Rangeview
-26.23803902,28.18470383,Parkhill Gardens
-25.87111092,28.18609619,Highveld
-25.99013329,28.17946434,Kaalfontein
-26.03538513,28.03962135,Klevehill Park
-24.63620949,31.41036415,Thulani
-26.16307068,28.10251617,Linksfield
-25.81310081,28.20499992,Kloofsig
-28.99632072,25.08714294,Hartzenbergfontein
-26.08412361,27.91276741,Eagle Canyon Golf Estate
-26.77097321,27.76169205,Marlbank
-26.35882568,28.13313103,Tokoza Ext 1
-26.36715317,28.15891075,Likole
-26.0065155,28.07104301,Barbeque Downs
-26.1574192,28.04131699,Saxonwold
-26.07793617,28.26342201,Glen Eagle Estate
-26.35233307,28.11320305,Southdowns Estate
-26.16701889,27.93431473,Florida North
-26.3890667,27.62241936,Glen Harvie
-26.31036758,28.46673584,Struisbult
-26.10025406,28.01667976,Bordeaux
-28.99632072,25.08714294,Stefano Park
42.31283569,-83.01489258,Walkerville Manor
-26.24369621,28.08657455,Moffat View
-26.20143127,28.13273048,Wychwood
-26.32339859,27.68878174,Simunye
-26.10996246,28.03620529,Sandhurst
-28.99632072,25.08714294,Pretoriusrus
-28.99632072,25.08714294,Weltevreden AH
-28.99632072,25.08714294,Glen Donald AH
-25.31030083,27.31707954,Kameelfontein
-25.47723198,28.10096359,Soshanguve FF
-29.72367096,30.97562027,Bester
-25.57527924,27.98381233,Ga-rankuwa Unit 23
-32.35882568,28.57309151,Emdeni
-26.14453125,27.85031319,Lindhaven
-26.19330025,27.95430565,Bosmont
-26.77714301,27.8445751,Witkoppie Ridge
-25.85151863,28.26766205,Clearwater Flyfishing Estate
-26.12077713,28.10852432,Lombardy West
-26.70051765,27.83483696,Vanderbijlpark CE
-28.99632072,25.08714294,Timsrand AH
-25.469347,28.12327385,Soshanguve R
-26.25993919,28.46719551,Casseldale
-25.89517593,28.23354721,Doornkloof
-26.1629734,28.04982948,Riviera
-25.99331665,28.00533485,Dainfern Ridge
-34.04693985,18.58852005,Westgate
-28.99632072,25.08714294,Holgatfontein
-26.25115395,28.29386139,Van Dyk Park
-28.99632072,25.08714294,Swallow Hills Lifestyle Estate
-25.71960068,28.2054615,Gezina
-26.28085136,28.39415359,Tornado
-28.99632072,25.08714294,Blue Hills Equestrian Estate
-26.32170296,27.82608604,Lenasia Ext 13
-26.19075584,28.32159805,Benoni Central
-25.71102905,28.18998528,Eloffsdal
-26.67386246,27.90724945,Powerville
-26.04817,28.2071906,Kempton Park Ext 1
-26.27466774,27.90406799,Pimville Zone 5
-26.61304855,27.80972099,Golden Gardens
-25.80649757,28.71741295,Riamar Park
-25.39074516,28.30104065,Hammanskraal
-26.12872505,28.1087265,Lyndhurst
-26.11658096,27.9003849,Wilgeheuwel
-26.16596222,28.17365456,Sunnyrock
-30.34773636,30.41285515,The Ridge
-26.00989234,28.03058626,Summer Place Estate
-28.99632072,25.08714294,Rietvlei Ridge Country Estate
-26.08957481,28.16516304,Modderfontein
-25.63686562,28.53050995,Refilwe
-25.5087986,28.06579208,Mabopane  Unit A
-28.99632072,25.08714294,Nestpark AH
-25.65947342,28.12810516,Eldorette
-26.18668365,28.05359268,Berea
-25.74155235,28.22145462,Eastwood
-28.99632072,25.08714294,Bronberrick
-26.57300186,27.83918571,Sebokeng Zone 17
-25.97596359,28.07704163,Beaulieu
-26.70554924,27.7959671,Bonanne
-26.106287,27.98513031,Moret
-25.88141632,28.26017761,Rietvlei Heights Country Estate
-26.14478302,28.03975487,Rosebank
-25.84572029,28.33021736,Mooikloof
-26.24124146,27.94257164,Diepkloof Zone 1
-26.12247658,27.81221008,Lewisham
-25.80724716,28.2776947,Constantia Park
-28.99632072,25.08714294,Homelake
-33.03334045,27.86364365,Greenfields
-26.16387476,28.2748099,Olympus Ridge
-26.32170296,27.82608604,Lenasia Ext 11
-28.99632072,25.08714294,Christiaanville AH
-25.47055817,28.08687973,Soshanguve LL
-26.2257061,28.42936897,Rowhill
-33.03917694,27.85330391,Sunnyridge
-26.26963615,27.97572899,Meredale
-23.90456772,29.4729538,Moregloed
-25.97633362,28.11925125,Midridge Park
-26.20341301,28.24890137,Boksburg North
-26.21293831,28.16382599,Germiston Central
-26.25341034,28.10447311,South Crest
-31.88829422,26.87186432,Kingsway
-26.27398682,27.88342476,Dhlamini
-28.99632072,25.08714294,Morningside Ext 40
-25.52007866,28.10905838,Soshanguve H
-26.25647354,28.03391457,Haddon
-26.2306532,28.0871643,Heidelberg Ext 5
-28.99632072,25.08714294,Neighbourhood Estate
-26.16255569,28.02585793,Parkview
-26.6667614,27.94812775,Peacehaven
-26.32170296,27.82608604,Lenasia Ext 10
-28.99632072,25.08714294,Bushwillow Park Estate
-28.99632072,25.08714294,Glenferness
-25.587295,28.065208,Soshanguve South Ext 11
-26.6940136,27.82775497,Vanderbijlpark CW 2
-26.16604424,27.95503235,Bergbron
-26.13710594,28.04092979,Dunkeld
-25.70304108,28.32853508,Mamelodi West
-26.33197021,28.14749146,Twala
-25.71582794,28.22944069,Villieria
-28.99632072,25.08714294,Blignautsrus AH
-26.19319344,28.35972023,Rynsoord
-25.75244904,28.1403656,Proclamation Hill
-25.580616,28.0098114,Ga-rankuwa Unit 21
-26.27930832,27.91457939,Pimville
-28.99632072,25.08714294,Radiokop
-26.119335,28.2569056,Kempton Park Ext 4
-26.57300186,27.83918571,Sebokeng Zone 11
11.66738415,-1.07239723,Sandton Central
-26.04357529,28.15931892,Klipfontein View
-26.15200043,28.07500076,Homestead Apple Orchards
-28.99632072,25.08714294,Heidelberg AH
-25.45199013,28.09080887,Soshanguve HH
-26.00230408,28.08010674,Kyalami Glen Estate
-31.54096603,27.15337753,Waterfall
-25.8028717,28.32344627,Boardwalk Villas
-26.13116074,28.29313469,Norton Park
-26.22658348,28.17706108,Delville
-26.28164864,28.12698555,New Market
-25.80291748,28.3382473,Boardwalk Meander
-31.15823364,19.83400726,Elandsfontein
-26.16221237,27.90214348,Selwyn
-28.99632072,25.08714294,Chancliff AH
-25.88107681,28.2182827,Irene
-25.48579407,28.12685394,Soshanguve P
-26.43958473,28.51733398,Mackenzieville
-28.99632072,25.08714294,Visagie Park
-26.18711853,28.10826874,South Kensington
-33.04238129,24.33185387,Heuningklip
-28.99632072,25.08714294,Nkwe Country Estate
-26.05988884,27.83786964,Muldersdrift
-25.8423996,28.13960075,Eldo Park
-26.13612747,27.90590858,Allen's Nek
-26.15143204,27.8596611,Roodepoort West
-26.34708214,28.37228012,Tsakane Ext 5
-26.14838791,28.07739067,The Gardens
-25.15332031,28.85485649,Vaal Bank
-26.36298561,28.12737083,Tokoza Gardens
-28.99632072,25.08714294,Theoville
-26.26455307,28.32198524,Dalpark
-28.99632072,25.08714294,Brendavere
-25.79166412,28.25681305,Waterkloof Heights
-28.77169915,24.76048093,Mckay AH
-26.11927223,27.9027462,Strubensvallei
-28.99632072,25.08714294,Dowerglen Ext 1
-26.57300186,27.83918571,Sebokeng Zone 14
-28.99632072,25.08714294,Waterfall Hills Mature Lifestyle Estate
-25.41306114,28.27785683,Rens Town
-34.12217331,18.39023781,Sun Valley
36.00643539,-95.88362885,Rietvlei View Country Estates
-28.99632072,25.08714294,Drumblade AH
-26.37712097,28.20493126,Vosloorus South
-26.35546684,28.14681435,Radebe
-28.99632072,25.08714294,Featherbrooke Hills Retirement Village
-25.8067131,28.34693146,Olympus Country Estate
-33.86124039,18.60618973,Welgedacht
-33.92971039,18.41091919,Bramley Gardens
-28.99632072,25.08714294,Rietvallei Park
-28.99632072,25.08714294,Boardwalk
-26.03671646,28.04195595,Petervale
-26.34148216,28.16189003,Palime
-28.99632072,25.08714294,Rusticana
-26.22201729,28.15950012,Germiston South
-26.07860947,27.75544167,Munsieville South
-26.17508125,28.24572754,Bardene
11.66738415,-1.07239723,Walkerville Central
-26.18910027,28.29057693,Kilfenora
-34.03591919,18.75361824,Croydon
-26.2410984,28.02321625,Southdale
-26.14026642,28.29226685,Goedeburg
-26.25872612,28.02499771,Chrisville
-26.2737581,28.0386594,Eldo Glen
-25.57581902,28.08189964,Soshanguve SS
2.09910059,17.29421425,Protea Garden
-25.97696686,28.09923172,Carlswald Estate
-26.12115097,27.97763824,Windsor East
-25.9452076,28.04355431,Saddlebrook Estate
-28.99632072,25.08714294,Dewalt Hattingh Park
-26.19917297,28.06699371,Troyeville
-26.42616653,28.46171761,Noycedale
-28.99632072,25.08714294,Pomona AH
-25.81722069,28.75236702,Masada
-28.99632072,25.08714294,Lilyvale AH
-26.25469971,27.85087585,Moletsane
-26.36545944,27.8908062,Zakariyya Park
-26.3615303,28.14210892,Siluma View
-26.72849274,27.86655235,Vanderbijlpark SE 8
-25.69863701,28.27733421,Bergtuin
-26.25774574,28.1600666,Union
-26.57300186,27.83918571,Sebokeng Zone 3
-26.06645393,27.98969269,Vandia Grove
-26.22163963,27.86237526,Dobsonville Ext 3
-25.66775513,28.73224258,Ekangala
-26.13408089,28.03525162,Dunkeld West
-25.84121079,28.13998282,Eldo View
-26.26154518,28.40147781,Wright Park
-25.70711708,28.15450096,Daspoort Estate
-26.09576035,27.75610542,Apple Park
-25.84572029,28.33021736,Mooikloof Glen
-28.99632072,25.08714294,Eco Park Estate
-26.24570847,28.08724213,Thatchfield Hills
-28.99632072,25.08714294,Blue Gill Estate
-26.1485405,27.87135696,Horison Park
-28.99632072,25.08714294,Miravaal
-26.00361633,28.21526337,Temong
-25.61788559,27.99344444,Ga-rankuwa
-28.99632072,25.08714294,East Field
-26.04572868,28.08168602,Woodmead
-26.36453819,28.10959053,Alrode
-26.12633133,28.11689377,Dunsevern
-25.74888992,28.29104805,Val De Grace
-26.76654625,27.8380146,Roodia
-26.0820694,28.22513962,Allen Grove
-26.18727875,28.29212761,Linksview
-26.21692276,28.16250038,Germiston West
-26.19716263,27.70027924,Westergloor
-27.88182259,27.92166901,Lindley
-28.99632072,25.08714294,Harmelia Ext 1
-28.99632072,25.08714294,Gerardsville
-26.27960396,27.86375046,Chiawelo
11.66738415,-1.07239723,Randburg Central
-26.21276474,28.28192902,Boksburg East
-28.99632072,25.08714294,Carlswald North Estate
-26.20083237,28.04223061,Johannesburg Central
-26.35347557,28.19787598,Vosloorus Ext 7
-28.99632072,25.08714294,Oak Tree
-26.15105438,28.16195488,Hurlyvale
-26.24130058,28.42856598,Paul Krugersoord
-26.15457726,27.93224335,Quellerina
-30.38220978,30.03524399,Simmerfield
-26.31288147,28.38574409,Langaville
-26.27332687,28.03979492,Glenanda
-26.12778473,28.29546928,Brentwood
-26.0309409,28.1759492,Tsakane Ext 15
-26.28433228,28.07404327,Bassonia Rock
-28.99632072,25.08714294,Riversands
-25.99661255,28.12841797,Halfway House
-28.99632072,25.08714294,Rand Collieries
-26.1333065,28.19044304,Isandovale
-26.31599998,28.04899979,Rispark
-25.92288208,28.19897652,Midfield Estate
-26.35579681,28.20508957,Nguni Section
-26.32719421,28.21651459,Vredebos
-26.36203575,28.15724754,Ramakonopi
-28.99632072,25.08714294,Cedar Creek
-26.18452072,28.00392532,Auckland Park
-26.57300186,27.83918571,Sebokeng Zone 12
-25.48898315,28.10102081,Soshanguve PP2
-26.23729134,27.94814682,Diepkloof Zone 3
-26.70051765,27.83483696,Vanderbijlpark CW
-25.6583271,28.16187668,Wolmer
-26.25681877,28.40087891,Dal Fouche
-26.23474121,28.19770432,Tedstoneville
-26.1787253,28.2348977,Rietfontein SH
-26.24763107,28.10184097,Tulisa Park
-26.20212936,28.29330826,The Stewards
-26.43291664,28.49948311,Laversburg
-28.99632072,25.08714294,Soshanguve East Ext 5
-25.76712608,28.21457291,Lukasrand
-26.24112511,28.07408714,Rewlatch
-26.69864082,27.8527298,Vanderbijlpark CE 5
-25.5087986,28.06579208,Mabopane  Unit M
-26.18172836,28.18976021,Woodmere
-26.1319046,28.08885002,Gresswold
-26.57720566,27.82245064,Polokong
-28.99632072,25.08714294,Cinderella
-25.59036446,27.98042297,Ga-rankuwa Unit 16
-26.35347557,28.19787598,Vosloorus Ext 20
-26.27501488,27.99385262,Alan Manor
-25.60697365,27.96140671,Mapetla
-25.85709953,28.20829964,Jansenpark
-26.43512726,28.12239647,Gardenvale AH
-26.24965096,28.0025425,Crown Gardens
-26.35347557,28.19787598,Vosloorus Ext 5
-26.17875099,28.09431648,De Wetshof
-28.99632072,25.08714294,Wheatlands AH
-26.11596489,28.07901001,Bramley Park
-26.35882568,28.13313103,Tokoza
-26.13884735,28.05678749,Birdhaven
-26.26430702,28.43230629,Pollak Park
-28.99632072,25.08714294,Noordkruin
-28.99632072,25.08714294,Monaghan Farm
-28.99632072,25.08714294,Hazeldene
-26.15060616,28.08244514,Cheltondale
-25.91333389,28.18564224,Retire at Midstream
-33.65326691,19.45689011,Esselen Park
-26.35347557,28.19787598,Vosloorus Ext 10
-25.85891914,25.65310669,Golf View
-25.77591896,28.37340927,Silver Lakes
-26.89017868,23.24178314,Phomolong
-28.99632072,25.08714294,Albemarle Ext 2
-25.5087986,28.06579208,Mabopane  Unit X
-28.99632072,25.08714294,Boltonwold
-26.2321434,28.16638565,Denlee
-26.27062416,27.85477638,Phiri
-28.70553207,24.71926498,Vergenoeg
-25.7126236,28.27684784,Lindo Park
-28.99632072,25.08714294,Zonnehoewe AH
-26.30569077,27.91996193,Eldorado Estate
-25.26938248,29.15693092,Phooko
-26.32170296,27.82608604,Lenasia Ext 8
-28.99632072,25.08714294,Mooikloof Heights
-25.7820797,28.27713013,Menlyn
-26.51121902,27.85612679,Evaton North
-26.36453819,28.10959053,Alrode South
-28.99632072,25.08714294,Houtkop AH
-24.95870018,29.40749931,Mandela Park
-26.44061089,27.94938278,Ohenimuri
-26.20166969,28.04083061,Victory Park
-26.64917946,27.8882885,Homer
-26.23268509,28.40818405,Krugersrus
-26.42788887,28.10241508,Klipwater
-34.15637207,18.43323517,Glen Ridge
-28.99632072,25.08714294,Leachville Ext 2
-25.61161613,28.00097275,Ga-rankuwa Unit 2
-26.15962791,28.12083817,Senderwood
-26.75123787,27.72156715,Kaalplaats East
-25.95648193,27.95072556,Nietgedacht AH
-26.28657532,27.88103294,Klipspruit West
-26.23812485,28.27627563,Boksburg South
-26.00666046,28.24429321,Xubene
-26.09356308,28.12167168,Linbro Park
-26.17460251,28.10138321,Cyrildene
-25.96699905,28.14999962,Glen Austin AH
-25.65050766,28.11600605,Marimba Gardens
-32.09799194,27.32629204,Willowbrook
-26.07064056,27.84765625,Ruimsig Country Estate
-28.99632072,25.08714294,Nelsonia
-25.9972744,28.22826576,Tsepo
-26.70051765,27.83483696,Vanderbijlpark SE
-26.38099861,28.40026665,Bluegum View
-25.57999992,30.19000053,Vlakfontein
-28.99632072,25.08714294,Slaterville AH
-26.22792244,27.93549538,Noordgesig
-26.12245941,27.97643089,Windsor
-28.99632072,25.08714294,Moteong
-26.35271454,28.10671997,Meyersig Lifestyle Estate
-28.99632072,25.08714294,Beckedan
-25.76389122,28.36317444,Willow Acres
-28.99632072,25.08714294,Irene Glen Estate
-28.99632072,25.08714294,Allandale
-26.16625786,28.07819748,Fellside
-26.19042587,27.97500038,Coronationville
-26.11909485,28.09193611,Kew
-28.99632072,25.08714294,Soshanguve South Ext 10
-28.99632072,25.08714294,Horison
-29.48912621,26.67367172,The Meadows
-25.98099031,28.20120333,Riverside View Ext 35
-26.24931908,28.25440598,Libradene
-26.26893425,27.62144089,Venterspost
-26.19437599,28.135952,Creston Hill
-28.99632072,25.08714294,Eastlands Mature Lifestyle Estate
-26.22880745,27.912714,Orlando West
-33.79725266,25.4635849,Stone River Estate
-26.17750359,27.93667221,Maraisburg
-25.7458009,28.0746847,Tsakane Ext 16
-26.13091087,28.08065224,Savoy Estate
-26.26684761,27.89779282,Pimville Zone 3
-26.19849586,27.99161148,Langlaagte North
-25.87639618,28.13364983,Amberfield Crest Estate
-26.43017578,27.86713982,Ennerdale South
-26.29974937,28.49165154,Blanwick Park
-26.18224144,27.70072365,Randfontein South
-26.21623993,28.24086571,Plantation
-26.23844719,28.33039856,Larrendale
-24.81690216,29.66622543,Klipspruit
-26.31317902,28.18640327,Roodebult
-26.07860947,27.75544167,Munsieville
-25.56744766,28.01335526,Ga-rankuwa Unit 8
-28.99632072,25.08714294,Blue Hills AH
-28.99632072,25.08714294,Soshanguve South Ext 1
-26.02298164,28.14912415,Austin View
-26.1507206,28.37325287,Cloverdene
-26.02139664,28.19581413,Umfuyaneni
-23.0748539,29.86627007,Bronkhorstbaai Dorp
-26.12678909,28.31766319,Benoni Small Farms
-25.93652534,28.39465904,Bashewa AH
49.4019165,8.68029976,Heidelberg Industrial
-26.74705124,27.70280647,Lochvaal
-25.49220085,28.05278969,Winterveldt
-26.2161293,27.7814045,Slovoville
-26.58122253,28.0368557,Chrissiefontein
-28.70676804,24.74572754,Homestead
-25.59303856,28.01104355,Ga-rankuwa Unit 3
-25.77928734,28.24555206,Waterkloof Marina Retirement Estate
-26.24604416,28.12721062,Elandshaven
-26.14554214,28.05224037,Melrose Estate
-25.67659569,28.15502357,Tileba
-28.99632072,25.08714294,Northvilla
-26.05261803,27.95120239,Northgate
-26.37312317,27.27059364,Welverdiend AH
-26.00989914,27.99217415,Maroeladal
-26.22202682,27.91350555,Orlando
-26.16459101,27.9145967,Jan Hofmeyer
-28.7024498,26.45870209,Winnie Mandela
2.09910059,17.29421425,Irene Village View
-28.99632072,25.08714294,Soshanguve South Ext 9
-28.99632072,25.08714294,Dowerglen Ext 5
-25.91862679,28.15771675,Louwlardia
-34.05171204,18.80991173,La Montagne
-28.99632072,25.08714294,Country View Estate
-25.48367119,28.13601494,Soshanguve Y
-26.57300186,27.83918571,Sebokeng Zone 20
-25.74573135,28.18553352,Pretoria Central
-25.57555008,28.01946259,Ga-rankuwa Unit 7
-26.35347557,28.19787598,Vosloorus Ext 31
-26.22685432,28.43430328,East Geduld
-28.99632072,25.08714294,Rietvlei AH
-26.29325639,27.92453352,Thatchfield Cresent
-25.99716377,28.23316574,Makulong
-26.37559509,28.16368866,A P Khumalo
-28.99632072,25.08714294,Arundo Estate
-26.01125717,28.21071243,Lifateng
-26.13341522,27.95528412,Berario
-26.11048317,28.02981567,Riepen Park
-25.5087986,28.06579208,Mabopane  Unit D
-26.90107918,28.06661987,Tshepiso
-33.30236435,26.52424622,Oatlands
-26.20860291,28.0436573,Marshalltown
-26.26138496,28.20709229,Cruywagen Park
2.09910059,17.29421425,Waterfall View
-28.99632072,25.08714294,Loumarina AH
-26.07925415,28.01785088,Bryanston West
-28.99632072,25.08714294,Protea South
-25.9980526,27.54494286,Magaliesburg
-25.54867363,27.98353195,Ga-rankuwa View
-33.92971039,18.41091919,Thatchfield Gardens
-28.99632072,25.08714294,Geluksdal Ext 1
-26.35347557,28.19787598,Vosloorus Ext 8
-28.99632072,25.08714294,Buyscelia
-25.83200073,28.50099945,Kleinfontein AH
-28.99632072,25.08714294,Tedderfield AH
-26.25016022,28.17417908,Hazelpark
-28.99632072,25.08714294,Van Der Westhuizen
11.66738415,-1.07239723,Mofolo Central
-28.99632072,25.08714294,Roodekrans AH
-26.35814095,27.39813995,Carletonville Rural
-28.99632072,25.08714294,Strydfontein AH
-26.75946426,28.48464012,Grootvlei AH
-28.99632072,25.08714294,Eldo Lakes Estate
-26.75641632,27.70577431,Kaalplaats West
-26.34083557,28.14669418,Ncala
-28.99632072,25.08714294,Leachville Ext 3
-26.11194801,28.15660095,Emerald Estate
-28.99632072,25.08714294,Vrede AH
-28.99632072,25.08714294,Tiegerpoort AH
-26.27194786,28.04402161,Gleneagles
-28.99632072,25.08714294,Erasmus Park
-33.10996628,27.37068748,Dube
-26.23940659,27.8132,Doornkop
-26.17787743,28.21529007,Hughes
-26.20524216,28.15749931,Germiston North
-28.99632072,25.08714294,Soshanguve South Ext 5
-26.26379204,28.02600479,Gillview
-25.57050896,27.97712135,Ga-rankuwa Unit 25
-26.18600273,27.96727753,Newclare
-33.79016876,18.46315193,Sandown Estate
-26.14249611,28.06736755,Abbotsford
-28.99632072,25.08714294,Nigel Rural
-26.29412079,28.39127541,Kwa-Thema Central
-26.16356277,27.97682381,Albertville
-25.86796188,28.10349464,Silver Stone Country Estate
-33.92971039,18.41091919,Crystal Gardens
-26.19260788,28.06662941,Bertrams
-26.29999924,27.7833004,Zuurbekom
-26.14929962,27.95461273,Valeriedene
-26.34708214,28.37228012,Tsakane Ext 8
-26.26933479,27.91519547,Pimville Zone 6
-25.71794701,28.30921745,New Eersterus
-26.01797978,27.95365264,Princess AH
-28.99632072,25.08714294,Waterfall Equestrian Estate
-26.14410973,27.89129829,Ontdekkerspark
-26.07430267,27.99273872,Beverley Gardens
-26.27618217,27.86034012,Senaoane
-26.07171249,27.96734047,Sonneglans
-25.79111099,28.21990204,Waterkloof Golf Estate
-28.99632072,25.08714294,West Rand Cons Mines
-26.30863762,27.84963608,Kliprivier
-28.99632072,25.08714294,Sterkfontein AH
-26.24297714,27.84241867,Zola
-28.99632072,25.08714294,Zuurbult
-29.22677994,26.83007813,Moroka
-28.99632072,25.08714294,Kaalplaats
-26.02628802,27.96321592,Blyde Riverwalk Estate
-26.33024216,27.31665421,Khutsong
-26.23336411,28.04798698,Glenesk
-25.55692673,28.06786919,Soshanguve TT
-26.27058792,28.37197113,Sallies Village
-28.99632072,25.08714294,Phomolamqashi
-28.99632072,25.08714294,Golden Fields Estate
-28.99632072,25.08714294,Benoni Orchards AH
-26.25262833,28.18450928,Lambton Gardens
-28.99632072,25.08714294,Wilfordon
-28.99632072,25.08714294,Waterfall Valley Mature Lifestyle Estate
2.09910059,17.29421425,Kyalami Ridge
-26.15532112,27.91846848,Floracliffe
-26.26008415,27.86141586,Molapo
-28.99632072,25.08714294,Kromdraai AH
-28.99632072,25.08714294,Leachville Ext 1
-24.87104416,25.86515617,Primrose East
-27.06694794,21.23901558,Letamo Game Farm
-26.19147491,28.07040405,Lorentzville
-26.1346283,28.06634903,Melrose North
-25.95424843,28.23649025,Clayville East
-26.16894531,27.8725338,Creswell Park
-25.79116249,28.10889053,Claudius
-30.26236725,30.50666237,Mayfield
-28.51399231,24.69706917,Tuscany On Vaal
-26.70487976,27.85502243,Vanderbijlpark CE 6
-28.99632072,25.08714294,Laezonia
-26.16171265,28.13748741,Essexwold
-26.00772095,28.20251656,Motsu
-25.47767448,28.08490562,Soshanguve NN
-28.99632072,25.08714294,Zandfontein AH
-28.99632072,25.08714294,Helderstrome AH
-28.99632072,25.08714294,Garthdale
-28.99632072,25.08714294,Wierda Crest Estate
-28.99632072,25.08714294,The Reeds Ext 10
38.89770508,-77.07872009,Rosslyn Industrial
-25.76209259,28.29093742,Lynnwood Ridge
-25.51453781,28.01750755,Odinburg Gardens
-28.99632072,25.08714294,Rivierra Villas
-26.26358223,27.9256134,Power Park
-25.8734436,28.21217537,Irene Woods Estate
-26.36709213,28.16551208,Moleleki
-26.20263863,28.06593132,Fairview
-28.99632072,25.08714294,Midstream Hill Estate
-28.99632072,25.08714294,Panvlakte
-26.01288986,28.24279404,Ecaleni
33.78931046,-118.0963974,Eldorado
-26.12306404,28.1258316,Rembrandt Park
-25.74218369,28.28915405,Lydiana
-25.70366859,28.17894363,Parktown Estate
-25.79958725,28.09531212,Christoburg
-28.99632072,25.08714294,Dewitsrus
-25.59687805,27.98266602,Ga-rankuwa Unit 4
-28.99632072,25.08714294,Mapleton AH
-28.57581902,20.25322723,Silver Fountain
-26.2678566,28.05399323,Eastcliff
-26.16776848,28.09661484,Linksfield Ridge
-26.09662819,28.094347,Marlboro
-26.53663063,27.89417076,Ironsyde
-26.27895737,28.08424759,Meyersdal Nature Estate
-26.57300186,27.83918571,Sebokeng Zone 13
-26.19277954,28.2035656,Berton Park
-28.99632072,25.08714294,Kyalami Crest Estate
-26.0848484,28.37135124,Sesfontein
-26.0606009,27.99102695,Tarlton
-26.12011719,28.07597923,Raumarais Park
-26.25274658,28.18054771,Mimosa Park
-26.17729187,28.20616913,Ravensklip
-25.99658012,28.01247978,Fernridge Estate
-28.99632072,25.08714294,Farrar Park
-26.0924778,28.24460793,Nimrod Park
-25.48898315,28.10102081,Soshanguve MM
-26.12738419,28.16664314,Clarens Park
-25.70447159,28.38883972,Selbourne Site
-26.11915779,28.07064629,Atholhurst
-26.5182972,28.01673126,Valley Settlements AH
-28.99632072,25.08714294,Cullinan Rural
-26.4319191,28.35208511,Spaarwater AH
39.01927567,-76.69274139,Amberfield Manor
-26.19360733,28.01782036,Vrededorp
-26.46129417,27.38491249,Wedela
-28.99632072,25.08714294,Pelzvale AH
-25.61788559,27.99344444,Ga-rankuwa Unit 1
-25.56139565,28.01413345,Ga-rankuwa Unit 10
-28.99632072,25.08714294,Raslouw AH
-26.10459328,27.90573502,Honeydew Ridge
-26.01323891,28.01608276,Pineslopes
-26.56319618,27.94232368,Roshnee
-28.99632072,25.08714294,Doornkuil AH
-28.99632072,25.08714294,Middelvlei AH
-25.46222305,28.1067543,Soshanguve S
-29.91653824,30.96304131,Montclair
-28.99632072,25.08714294,Fairmount
-28.99632072,25.08714294,Heritage Estate
-25.96339417,28.02334976,Knopjeslaagte AH
-28.99632072,25.08714294,Rikasrus AH
-28.99632072,25.08714294,Zoekfontein
-25.83915329,28.16584206,Tamara Park
-26.15022087,27.7096653,Robin Park
-26.12271309,27.9654541,Windsor West
-28.99632072,25.08714294,Meadows Security Estate
-26.18224144,27.70072365,West Porges
-26.07560158,27.81235313,Paardekraal
-28.99632072,25.08714294,Sotho Section
-28.99632072,25.08714294,Willow Acres Ext 8
-25.77928734,28.24555206,Waterkloof Boulevard Estate
-26.30882454,27.99341774,Southfork
-33.79999924,25.61669922,Delarey
-26.1589222,28.22264862,Jet Park
-26.19109917,28.07284164,Judiths Paarl
-28.41478729,26.70835495,Tshepong
-28.99632072,25.08714294,Doornpoort AH
-28.99632072,25.08714294,Kyambali Estate
-26.35347557,28.19787598,Vosloorus Ext 14
-25.23070145,29.04079628,Witfontein
-25.77674605,28.03839045,Schurveberg AH
-28.99632072,25.08714294,Halfway House Estates
-28.99632072,25.08714294,Commercia
-26.04060745,27.97355652,Noordhang
-26.37001228,28.10553551,Thinasonke
-26.22016525,27.65239143,Lower Finsbury
-28.99632072,25.08714294,Randview
-26.35672569,28.15737152,Monise
-26.21831322,25.77906036,Lusthof
-26.53305435,27.99611855,Ophir AH
-26.70051765,27.83483696,Vanderbijlpark SW 7
-26.41567993,27.86558723,Finetown
-28.99632072,25.08714294,Ardenwold SH
-26.25019646,27.94085884,Diepkloof Zone 2
-28.99632072,25.08714294,Elandsfontein AH
-26.15818649,28.03410093,Northwold Gardens
-25.88799286,28.19426346,Irene View Estate
-26.12722969,28.06804848,Winston Ridge
-25.65071106,28.30784798,Kameeldrift West
-25.84153938,28.12736511,Eldo Ridge Estate
-26.05282593,27.82365227,Northvale AH
-25.97942543,28.24511909,Olifantsfontein
2.09910059,17.29421425,Kekana Garden
-26.35676765,28.78195953,Devon
-25.77775002,28.25720978,Hazelwood
-26.28606415,27.70292473,Skierlik Section
-26.24968147,27.97926331,Ormonde View
-26.32170296,27.82608604,Lenasia Ext 9
-26.02557182,28.19840813,Esangweni
-26.06590271,27.93844795,Olive Crest Estate
-28.99632072,25.08714294,Kempton Park Ext 5
-26.1268959,27.98612022,Darrenwood
-26.16477013,27.93428421,Florida View
-25.65501595,28.12315559,Winternest
-25.718153,28.05273438,Swacina Park AH
-28.99632072,25.08714294,Zesfontein AH
-28.99632072,25.08714294,Vongeusopark
-28.99632072,25.08714294,Amberfield Valley
-26.01822472,28.22115135,Esiziba
-26.36520004,27.65921021,Hillshaven
36.00643539,-95.88362885,Sterkfontein Country Estates
-26.14110374,28.04478455,Melrose Arch
-28.99632072,25.08714294,Alewynspoort
-25.98104161,28.20103829,Riverside View Ext 33
-28.99632072,25.08714294,Honeypark
-25.65098381,28.18295288,Onderstepoort
-24.35995483,30.6089077,The Willows
-34.11994171,19.60297203,Dwarskloof
-26.35347557,28.19787598,Vosloorus Ext 3
35.06491692,-81.63474731,Glenkay
-34.04249954,18.36160088,Riverpark
-26.55105972,27.85228729,Evaton Small Farms
-28.99632072,25.08714294,Nanescol
-25.59608078,27.99773788,Ga-rankuwa Unit 5
-26.28796577,28.08701324,Meyersdal View Estate
-28.99632072,25.08714294,Soshanguve South Ext 8
-26.11769676,27.96642494,Windsor Glen
-28.99632072,25.08714294,Varkfontein AH
-28.99632072,25.08714294,Verresig Country Estate
-25.99996567,28.42827988,Bapsfontein
-25.66003609,28.25319672,Green Acres Estate
-26.31748772,28.01590157,Mayfield Park
-26.24150085,28.1358242,Gosforth Park
-28.99632072,25.08714294,Crescent Wood Country Estate
-26.23021889,27.86514473,Zondi
-26.1482029,28.09515762,Raedene Estate
-28.99632072,25.08714294,Westwood
-28.1930407,28.3195843,Gugulethu Ext 1
-28.93721199,26.32908058,Raslouw Glen
-26.13021088,27.85990524,Helderkruin View
-28.99632072,25.08714294,Sunrella
-25.72486115,28.21642685,Deerness
-28.53159523,28.79592133,Beirut
-28.99632072,25.08714294,Staalrus
-26.17646408,28.17625237,Wannenburghoogte
-26.32170296,27.82608604,Lenasia Ext 6
-25.99873352,27.99879837,Kengies
-26.41944885,28.47301102,Sub-Nigel
-26.24949837,27.94973564,Diepkloof Zone 5
-26.14763641,28.27129555,Parkhaven
-26.32170296,27.82608604,Lenasia Ext 7
-26.24006081,27.95623398,Diepkloof Zone 4
-26.07782745,27.88134575,Tres Jolie
-26.27266502,28.37932396,Witpoort Estates
-28.99632072,25.08714294,Fairleads
-26.24570847,28.08724213,Honeyhills
-28.99632072,25.08714294,Watersedge AH
-30.41748428,26.83502197,Rouxville
-26.1603775,28.1644783,Meadowbrook
-25.664094,28.10930227,Wonderpark Estate
-26.45909309,27.76751709,Poortjie
-26.15061378,28.08653831,Bagleyston
-28.99632072,25.08714294,Homelands
-26.25771332,28.05260468,Townsview
-26.27246475,27.89540482,Pimville Zone 4
-28.99632072,25.08714294,Ruimsig AH
-26.25435448,27.86847305,Moroka North
-26.35882568,28.13313103,Tokoza Ext 5
-33.99932861,25.65288162,Summerfields Estate
-26.28183365,28.23162079,Groeneweide
-26.28030396,27.3830204,Goudvlakte West
-26.16004562,28.20407867,Elandsfontein Rail
-26.08107185,28.01741028,Lyme Park
-26.24167061,28.04083061,Unigray
-26.22163963,27.86237526,Dobsonville Ext 4
-26.35882568,28.13313103,Tokoza Ext 2
-28.99632072,25.08714294,Endicott
-28.99632072,25.08714294,Honingneskrans AH
-34.03669357,18.35905266,Berg En Dal
-28.99632072,25.08714294,Bridle Park AH
-25.47341728,28.11288643,Soshanguve KK
-28.99632072,25.08714294,Highlands Estate
-26.02258873,28.21956253,Inxiweni
-26.25943375,27.57207489,Vleikop AH
-26.08870125,28.04777718,Sunset Acres
-25.74245644,28.2234993,Lisdogan Park
-26.0199604,28.20773315,Lekaneng
-31.79353142,26.44897461,Chris Hani
-28.99632072,25.08714294,Geluksdal Ext 2
-26.10693741,27.75305367,Boltonia
-26.02623367,28.1901989,Umthambeka
-25.45000076,30.9829998,Ehlanzeni
-28.99632072,25.08714294,Lenteland
-30.46529579,20.48179436,Brandvlei AH
-29.48912621,26.67367172,Eldo Meadows
-25.82568169,28.15581703,Glen Lauriston
-28.99632072,25.08714294,Silver Valley Estate
-28.99632072,25.08714294,Plantland
-31.03317451,18.16163635,Witkop
-26.27985191,27.88746452,Kliptown
-25.78339195,28.36142159,Tijger Vallei
-26.14872032,28.29088441,Sun Lawns
-28.99632072,25.08714294,Patryshoek AH
-28.88497353,27.87447548,Boitumelo
-26.1656208,28.08851242,Fairwood
-26.23971367,26.45809937,Putfontein
-28.99632072,25.08714294,Stryfontein AH
-26.13374138,27.97296143,Blackheath
-28.99632072,25.08714294,Elandsfontein SH
-26.25484276,28.48800278,Grootvaly
-26.1635685,28.07577705,Victoria
-26.26178932,28.41595268,New Era
-26.121418,27.98538971,Jacanlee
-26.09522629,28.04512405,Dalecross
-25.63409424,28.20527458,Bon Accord
-26.15642738,28.37867928,Chief A. Luthuli Park
-26.15673828,27.79319382,Reservoir Ridge
-28.99632072,25.08714294,Laudium Ext 1
-28.99632072,25.08714294,Kwenele
-25.14929771,28.48178101,Phake
-28.99632072,25.08714294,Wonderboom AH
-25.78193283,28.26559067,Ashlea Gardens
-28.99632072,25.08714294,Klipplaatdrif
-25.92234802,28.01752853,Diepsloot Wes
-25.55472946,28.09026909,Soshanguve YY
-28.99632072,25.08714294,Harmoniesrus
-26.42399406,28.19310188,Magagula Heights
-28.99632072,25.08714294,Sprincol
-26.0590992,27.90668678,Zandspruit
-26.13348961,27.95983505,Brooklands Estate
-26.26560114,27.91732208,Pebble Creek
-26.3751049,27.80444908,Lawley Estate
-28.99632072,25.08714294,Ambot
-26.149457,28.137813,Dowerglen Ext 4
-26.01966858,28.21256638,Isivana
-26.02287102,28.20815086,Welomlambo
-25.98109628,28.20088552,Riverside View Ext 31
-28.99632072,25.08714294,Honingklip AH
-26.20425415,27.99837112,Homestead Park
-26.04318047,28.09796333,Jukskei View
-29.86683083,30.79018974,Sinqobile
-25.36850929,28.18178368,Bosplaas Mathabe
-28.99632072,25.08714294,Leisure Bay Estate
-26.70003891,27.8026638,Zuurfontein
-26.20346451,28.11279106,Cleveland
-26.20263481,28.27521515,Anderbolt
-26.00361061,28.20825577,Teanong
-26.22187424,28.29705811,Wattville
-33.85443878,18.58416939,Tygerberg Country Estate
-26.34708214,28.37228012,Tsakane Ext 12
-25.75030327,28.33008385,Willow Park
-26.22163963,27.86237526,Dobsonville Ext 1
-28.99632072,25.08714294,Heidelberg Proper
-28.99632072,25.08714294,Heidelberg Rural
-25.38320541,28.21672249,Suurman
-28.99632072,25.08714294,Silverfields Park
-25.60908127,28.01492119,Ga-rankuwa Unit 6
-28.99632072,25.08714294,Stesa
-28.99632072,25.08714294,Osummit
-28.99632072,25.08714294,Mapanga
-28.99632072,25.08714294,Lindbergh Park
-25.78250504,28.72231293,Zithobeni
-26.12323189,28.10547447,Whitney Gardens
-26.12358093,28.17145348,De Klerkshof
-26.18575478,27.99588013,Rossmore
-26.01459694,28.22874069,Elindinga
-28.99632072,25.08714294,Cranbrook Vale
-32.03287125,22.43975258,Rosedene
-28.99632072,25.08714294,Bellairs Park
-26.16194916,27.97315979,Albertskroon
-28.99632072,25.08714294,Dreamlands
-26.13186073,28.05988312,Fairway
-26.23187065,28.02905655,Reuven
-26.74705124,27.70280647,Shores of Loch Vaal
-28.99632072,25.08714294,Willow Acres Ext 11
-26.35347557,28.19787598,Vosloorus Ext 16
-28.99632072,25.08714294,Lasiandra
-26.56681633,28.00012779,Noldick
-26.19714546,28.05496025,Doornfontein
-26.51849174,27.89925766,Debonair Park
-28.99632072,25.08714294,Greenstone Gate
-28.99632072,25.08714294,Cosmo Business Park
-28.99632072,25.08714294,Vusimuzi
-27.64408112,27.19070053,Maokeng
-26.18224144,27.70072365,Randfontein Rural
-26.92282486,26.63290215,Nooitgedacht
-26.12207222,28.11819458,Rembrandt Ridge
-26.34586614,28.17881186,Vlakplaats
-28.99632072,25.08714294,Mooiplaats AH
-26.08949441,27.90799306,Eagle Trace Estate
-26.57300186,27.83918571,Sebokeng Zone 6
-26.174263,28.19225311,Rustivia
-26.13351822,28.10997581,Sunningdale
-25.98278046,28.10360909,Carlswald Meadows
-28.99632072,25.08714294,Withok Estate
-26.06892776,27.85109901,Ruimsig Noord
-26.18371391,28.0173111,Braamfontein Werf
-26.27671623,28.22935486,Talbotpark
-28.99632072,25.08714294,Wacht N Bietjies Kop
-26.08540535,27.97585487,Strijdompark
-26.34708214,28.37228012,Tsakane Ext 17
-26.20172882,28.07823372,Reynolds View
-26.25398636,28.18946457,Estera
-26.33024216,27.31665421,Khutsong South
-33.92971039,18.41091919,Raslouw Gardens
-28.99632072,25.08714294,Albemarle Ext 1
-28.99632072,25.08714294,Willow Acres Ext 10
-26.10174561,27.77151489,Krugersdorp Rural
-28.99632072,25.08714294,Mfundo Park
-25.9572753,28.1270414,Bronberg Close
-26.26218224,27.90973282,Pimville Zone 1
-25.9817917,28.1998345,Riverside View Ext 32
-26.01848221,28.19974136,Khatamping
-26.1104393,27.99583626,Robin Acres
-27.6771965,27.27252769,Bothas Geluk
-28.99632072,25.08714294,Avalonia AH
-28.99632072,25.08714294,Marabeth
-26.11318016,28.07496452,Glen Atholl
-28.99632072,25.08714294,Emkatini
-28.99632072,25.08714294,Ironsyde AH
-26.00613594,28.22473335,Isithame
-28.99632072,25.08714294,Dowerglen Ext 2
-26.12177277,28.17914963,Sebenza
-28.99632072,25.08714294,Sherman Park
-33.89834213,25.5993824,New Brighton
-33.84048843,23.89254189,Twee Riviere Lifestyle Estate
-33.8741684,18.51055908,Slovo Park
-26.57300186,27.83918571,Sebokeng Zone 19
-28.99632072,25.08714294,Reydal
-26.06619644,27.82991982,Featherview Estate
-31.95060921,26.45703506,Lammermoor
-26.00856018,28.22230339,Tembisa Ext 7
-28.99632072,25.08714294,Mountain Crest Private Estate
-26.0020256,27.98507309,Needwood
-28.93721199,26.32908058,Amberfield Glen
-33.27969742,18.64771461,Helenas Rust
-26.09316254,28.02733612,Glenadrienne West
-26.6448555,27.75462723,Louisrus
-28.99632072,25.08714294,Eleadah
-28.51399231,24.69706917,Ebner On Vaal
-28.99632072,25.08714294,Pioneer
-26.70051765,27.83483696,Vanderbijlpark NE
-25.71969414,28.34977722,Moretele View
-28.99632072,25.08714294,Boekenhoutskloof AH
-26.25776482,27.97697067,Aeroton
-25.70138741,28.28451157,Ekklesia
-25.85161972,28.09644127,Sunderland Ridge
-26.09316254,28.02733612,Glenadrienne
-25.77087402,28.12269402,Pretoria Industrial
-28.99632072,25.08714294,Ooster AH
-28.99632072,25.08714294,Van Rhyn SH
-25.75695038,28.26397705,Strubenkop Security Village
-26.67301369,27.92876434,Vereeniging Rural
-26.10026169,27.75880432,Burgershoop
-28.99632072,25.08714294,Eveleigh
-26.57515144,27.9479351,Rust Ter Vaal
-26.09925652,28.14447784,Westlake Eco Estate
-26.13741493,28.1147995,Silvamonte
-25.94707298,27.66781807,Hekpoort
-25.76611328,28.28438568,Lynnrodene
-28.99632072,25.08714294,Ibaxa
-26.12448883,28.06800652,Eltonhill
-26.5,28.25,Sedibeng
-26.0925827,28.05142021,Morningside Hills
-26.76444054,26.42003059,Hartebeestfontein
-26.19508553,28.1321373,Dania Park
-25.55979919,27.98965836,Ga-rankuwa Industrial
-26.2089901,28.25756836,Cason
-28.99632072,25.08714294,Mqantsa
-26.26990128,27.90514565,Pimville Zone 7
11.66738415,-1.07239723,Grand Central
-26.02690315,28.21597481,Jiyana
-28.99632072,25.08714294,Elandsvlei
-26.26433182,27.90457344,Pimville Zone 2
-26.11672401,28.31618881,Jatniel
-26.01428795,28.22191238,Endulweni
-28.99632072,25.08714294,Temba Unit 7
-28.99632072,25.08714294,Presidents Ranch
-26.3885498,28.3881588,Masetjhaba View
-25.23070145,29.04079628,Witfontein AH
-28.99632072,25.08714294,Vanwaartshof
-26.07557297,27.99854279,Bryanbrink
-28.99632072,25.08714294,Temba Unit 4
-26.11126709,28.21330643,Spartan
-26.25580788,28.19578934,Wadeville
-25.84971428,28.17255211,Hennopspark Industrial
-25.38781166,28.28989792,Marokolong
-28.99632072,25.08714294,Enormwater AH
-26.24221611,28.00304604,Evans Park
-26.09796333,28.02995682,Hurlingham Gardens
-26.13625526,27.77393341,Luipaardsvlei
-28.99632072,25.08714294,Rynoue
-26.01724052,28.20933723,Mpho
-33.8896904,25.59012032,Mandela Village
-26.67210007,27.84748268,Boipatong
-26.34812927,28.14675522,Mavimbela
-26.17837334,27.9762001,Martindale
-28.99632072,25.08714294,Grootfontein AH
-28.99632072,25.08714294,Nadustria
