-29.72863388,31.0194397,Centenary Park
-28.86878777,31.90990448,Esikhawini
-30.74422264,30.41300774,Marburg
-31.02182961,30.23943901,Leisure Bay
-29.51233482,31.21744156,Simbithi Eco Estate
-29.7919693,30.83304405,Kloof
-29.84539795,30.87715912,Moseley Park
-29.71632004,31.07355881,Prestondale
-30.87969971,30.35318756,Ramsgate
-28.72790337,30.72720528,Chatsworth Central
-30.06800079,30.83099937,Lower Illovo
-30.85223579,30.38415527,Manaba Beach
-29.80544281,29.76669693,Bulwer
-27.76800346,30.79477501,Vryheid
-30.04999924,30.88299942,Amanzimtoti
-29.68554688,29.74009705,Westcliff
-29.85489082,30.77005196,Kwandengezi
-28.75328636,31.88567543,Panorama
-29.6734848,31.03427887,Ottawa
-30.72296906,30.46816826,Umtentweni
-29.63356972,30.41714096,Hayfields
-29.81493378,30.89785957,Chiltern Hills
-29.30444145,29.97841263,Rosetta
-29.81591034,30.93374443,Dawncrest
-29.82620635,31.01430815,Manor Gardens
-29.87436104,30.28012848,Richmond
-30.73875809,30.45184135,Port Shepstone Central
-29.82884407,30.9339447,Westville
-28.72790337,30.72720528,Sibaya Precinct
-28.72790337,30.72720528,Vulintaba Country Estate
-29.89981079,31.03390503,Bluff
-27.76539803,29.93082428,Newcastle Central
-27.79695511,30.12939644,Osizweni
-29.75173378,31.03574181,Glen Anil
-28.55723381,29.76502419,Hospitaalpark
-28.37655067,32.41303253,St Lucia
-29.7281208,30.53938675,Camperdown
-29.75726128,30.76417732,West Riding
-30.4763546,30.63832474,Elysium
-30.02800369,30.91120338,Athlone Park
-29.87945938,30.93966103,Hillary
-29.65231705,31.04694366,Lotusville
-29.70806313,30.98838234,Whetstone
-29.50348854,31.23713493,Salt Rock
-30.83533859,30.3906517,Uvongo
-29.76326752,30.83308029,Forest Hills
-30.68286514,30.4990654,Southport
-28.72790337,30.72720528,Ferncliffe
-29.76555443,30.96514702,Newlands West
-28.76857758,31.90054321,Grantham Park
-28.72790337,30.72720528,Umhlanga Central
-27.76387405,29.94753647,Paradise
-28.72790337,30.72720528,Zimbali Estate
-29.9209156,30.94657326,Woodhaven
-29.73608208,31.04222679,Mount Edgecombe
-28.72790337,30.72720528,Summerveld
-29.69834518,31.0081749,Sheffield Beach
-29.83721924,31.0072422,Essenwood
-29.80539513,30.95026016,Reservoir Hills
-29.81707954,30.78874969,Winston Park
-29.42759514,31.25362015,Palm Lakes Estate
-29.87211609,30.9901104,Glenwood
-29.88188934,30.98084259,Umbilo
-29.82549095,30.88932228,Cowies Hill
-28.16234207,30.23191452,Dundee
-29.88858986,30.86855507,Shallcross
-29.80356789,31.0217247,Umgeni Park
-28.72790337,30.72720528,Gowrie Farm Golf Estate
-29.86865234,30.95497131,Umkumbaan
-31.05177307,30.22671509,Port Edward
-28.72790337,30.72720528,Gandhinagar
-29.79633331,30.85881424,Padfield Park
-29.76824188,30.87017632,Wyebank
-29.51471519,30.93510628,Ndwedwe
-27.72152138,29.91404533,Aviary Hill
-29.89445114,30.93683434,Mount Vernon
-29.66517448,30.45003319,Ashburton
-29.70880105,31.0722378,Izinga Ridge
-30.83437538,30.39639282,Uvongo Beach
-29.57315445,30.42269897,Panorama Gardens
-29.43759918,31.22260094,Shayamoya
-28.72790337,30.72720528,Blythedale
-28.72790337,30.72720528,Albina
-28.72790337,30.72720528,Hilton Central
-30.07161713,30.87258148,Doonside
-29.79029926,31.023803,Seaton Estate
-29.8254261,30.84426689,Ashley
-30.20651245,30.76735115,Naidooville
-29.79041481,31.03426743,Durban North
-30.31605721,30.66168976,Umzinto
-28.72790337,30.72720528,Mount Edgecombe Country Club Estate
-29.81357384,30.96621704,Palmiet
-29.34306335,31.37327957,Prince's Grant Golf Estate
-28.72790337,30.72720528,Shakas Rock
-28.72790337,30.72720528,Clare Hills
-29.8462925,30.99806595,Musgrave
-30.49119568,30.63226509,Mtwalume
-30.205019,30.75124168,Roseneath
-29.74866486,31.05633163,La Lucia
-28.72790337,30.72720528,Aquadene
-30.76258278,30.44446564,Oslo Beach
-28.74403191,31.8896904,Empangeni Central
-28.72790337,30.72720528,Kamberg AH
-30.80926514,30.40658569,Shelly Beach
-30.57961655,30.5720768,Hibberdene
-29.48950386,31.23700333,Dunkirk Estate
-29.62443542,30.34544945,Signal Hill
-29.68304253,31.02752113,Woodview
-28.95929337,31.75229645,Mtunzini
-28.01945496,32.26834869,Hluhluwe
-30.5896492,30.56521606,Woodgrange
-28.72790337,30.72720528,Hillcrest Central
-28.59197998,31.40103912,Melmoth
-29.76309967,31.03766251,Glen Hills
-29.98140717,30.86004257,Umlazi BB
-28.72790337,30.72720528,Ballito Central
-29.82098389,31.01403999,Morningside
-28.17789459,30.15473557,Glencoe
-28.5743885,29.78644753,Leonardsville
-28.7680378,32.07545471,Arboretum
-29.93046761,30.92566299,Havenside
-29.73424911,31.05779648,Somerset Park
-29.75090218,30.73745155,Bothas Hill
-29.53376007,30.24738503,Merrivale
-29.83562279,30.86536789,Farningham Ridge
-29.5760746,30.34432411,Montrose
-29.80718803,30.92039299,Atholl Heights
-28.72790337,30.72720528,St Michaels On Sea
-30.18717003,30.71684837,Clansthal
-28.75058556,32.04932022,Umhlathuze
-29.90144157,30.90511513,Kharwastan
-30.03594398,30.81567955,Adams Mission
-29.64651871,31.04666138,Verulam Central
-29.91287231,30.86320114,Risecliff
-29.90630913,30.90097046,Woodhurst
-27.75251198,30.02392769,Madadeni M
-29.70142937,30.99607086,Northcroft
-29.64773369,30.38860893,Bisley
-29.5858593,30.43008232,Eastwood
-30.85506248,30.3606739,Margate
-30.11839104,30.84970474,Illovo Beach
-30.44085312,30.6619854,Bazley Beach
-27.65626144,30.32155037,Utrecht
-28.72790337,30.72720528,Elaleni Coastal Forest Estate
-29.81215096,30.63694,Mpumalanga
-29.57152557,31.11289215,Waterways
-29.76083565,31.05421066,Glenashley
2.09910059,17.29421425,Ezakheni D
-29.6286335,31.14400291,Desainagar
-30.55208455,29.4301774,St Johns Village
-28.77387047,31.86485291,Ngwelezana
-28.88731194,31.47151184,Eshowe
-30.93404007,30.29774284,Marina Beach
-28.72790337,30.72720528,Brindhaven
-27.64033699,30.31549454,Welbedacht
-30.0018425,30.91632652,Orient Hills
-29.86752129,30.81349182,Nagina
-29.6035099,30.37961769,Pietermaritzburg Rural
-29.44099998,30.10099983,Lidgetton
-29.512146,30.22192955,Howick West
-29.79372025,29.49884415,Underberg
-29.77317429,30.87950325,Motalabad
-29.83081055,30.99341774,Sydenham
-29.59458351,31.16645432,Westbrook
-29.92472649,30.91427422,Bayview
-28.72790337,30.72720528,Sunford
-29.55498123,30.39288712,Northdale
-29.85781097,30.97912407,Westridge
-29.78302574,31.00952339,Kenville
-29.92028809,30.93405914,Yellowwood Park
-34.0308825,18.3526402,Wild en Weide
-29.86623192,30.82463646,Mariannridge
-28.93939781,31.76766586,Zini River Estate
-28.72790337,30.72720528,Manor Estates
-29.9204464,30.87104034,Montford
-30.09710884,30.85588455,Winklespruit
-29.67573929,31.11566162,Umdloti Beach
-30.83921623,30.39171219,Beacon Rocks
-30.64034843,30.53266144,Pumula
-30.70193291,30.4834938,Sea Park
-29.86554337,30.89130783,Escombe
-29.90956669,30.97447974,Seaward Estates
-28.72790337,30.72720528,La Lucia Ridge
-29.59026718,30.34483147,Wembley
-29.77094269,30.95296669,Castlehill
-30.80090523,30.34139442,Gamalakhe
-29.91612625,30.87752533,Arena Park
-29.7983284,31.0317688,Athlone
-29.83814621,30.94666862,Berea West
-29.82600212,30.9144268,Rouken Glen
-29.56699944,30.18199921,Mpophomeni
-27.87869453,30.20824814,Fairbreeze
-29.72522736,31.08587837,Herrwood Park
-29.65057945,30.35124207,Imbali
-28.72790337,30.72720528,Izinga
-29.29242325,31.43546486,Zinkwazi Beach
-29.71517181,30.98418617,Redfern
-29.57007217,31.11829376,Tongaat Central
-29.787117,31.01733208,Greenwood Park
-29.33090401,31.27866364,Stanger Heights
-29.74241638,30.99821091,Kwamashu
-28.72790337,30.72720528,Brettenwood Coastal Estate
-27.77843857,30.81054497,Pioneer Park
-30.98201942,30.27057648,Palm Beach
-27.77273178,29.91868782,Lennoxton
-30.99762154,30.2628212,Glenmore
-28.72790337,30.72720528,Intaba Ridge Secure Eco Estate
-29.89101791,30.95814514,Bellair
-29.56185341,30.40768051,Raisethorpe
-28.72790337,30.72720528,Hilltop Private Estate
-28.81344604,29.53792572,Winterton
-30.55109596,29.425951,Kokstad
-28.72790337,30.72720528,Mithanagar
-30.3830986,30.69212532,Pennington
-28.79554939,32.08658981,Tuzi-Gazi
-29.83300018,31,Overport
-30.30714989,30.6746273,Hazelwood
-29.95425987,30.91921234,Umlazi N
-30.73875809,30.45184135,Port Shepstone Rural
-29.65871811,30.41609955,Mkondeni
-30.96120644,30.29018593,Trafalgar
-28.72790337,30.72720528,Beverley Hills Estate
-29.78884506,30.95256615,Hillgrove
-28.72790337,30.72720528,Howick North
-29.8438797,30.86366463,Highlands Hills
-28.76681519,31.88738632,Richem
-27.42302322,30.81809616,Paulpietersburg
-29.33164787,31.29018593,Ocean View
-29.64671326,31.062994,Riyadh
-28.72790337,30.72720528,Richards Bay Rural
-28.72485924,32.04110336,Brackenham
-30.65399933,30.51725388,Melville
-27.73509026,29.92686653,Huttenheights
-29.84837341,30.91642761,Dawncliffe
-29.695364,31.02990913,Grove End
-28.72790337,30.72720528,Howick East
-29.95238304,30.97252655,Merewent
-29.64245605,31.13188171,La Mercy
-30.60977173,30.53322792,Fairview
-29.77681541,30.9789753,Newlands East
-29.61318016,30.40587044,Scottsville
-30.94249153,30.29434586,San Lameer
-29.88505363,30.91202927,Malvern
-29.68791389,31.00763321,Caneside
-29.64556694,30.42493057,Cleland
-29.65465355,30.31235695,Edendale T
-29.85191727,30.85306549,Nazareth
-29.32110596,31.27939987,Stanger Manor
-29.7276535,31.06989288,Umhlanga Ridge
-29.58536339,30.40509605,Mountain Rise
-30.15515327,30.06095505,Ixopo
-28.04877663,30.02038193,Durnacol
-28.72790337,30.72720528,Fynnland
-29.8309803,30.96733093,Sherwood
-29.75754929,30.73622894,Alverstone
-29.70864105,31.01181412,Longcroft
-28.72790337,30.72720528,Pelham
-28.72790337,30.72720528,Allandale
-29.75769806,30.79310608,Cotswold Downs Golf & Country Estate
-28.72790337,30.72720528,Howick South
-29.93081856,30.94190598,Mobeni Heights
-28.72790337,30.72720528,Port Zimbali Estate
-27.75251198,30.02392769,Madadeni D
-29.57939911,31.18079948,Tongaat Beach
-29.95425987,30.91921234,Umlazi J
-30.13776207,30.83842278,Umgababa
-29.05892944,30.59271812,Greytown
-28.7626667,31.8930912,Kildare
-27.77559471,29.90337181,Sunset View
-30.91432762,30.324049,Southbroom
-28.72790337,30.72720528,Richards Bay Central
-30.06826782,30.83505058,Lovu
-29.44529141,31.28831047,Tinley Manor
-28.53404617,29.81044579,Limit Hill
-29.68710136,30.47189903,Lynnfield Park
-29.79435158,31.00013351,Sea Cow Lake
-28.72790337,30.72720528,Zimbali Lakes Resort
-29.43515205,30.4351902,Albert Falls
-29.87163904,30.79938872,Amber Lee
-28.60083008,32.08521271,Kwambonambi
-30.03417015,30.83468246,Adams Rural
-29.56276131,30.36351585,Kingston Park
-28.72790337,30.72720528,Parkside
-29.67272758,31.02331543,Palmview
-30.74685478,30.40499687,Merlewood
-29.55945015,30.35548973,Chase Valley
-29.7368597,30.97389975,Nyala Park
-29.95425987,30.91921234,Umlazi L
-29.77921295,30.89702988,KwaDabeka A
-28.72790337,30.72720528,Banners Rest
-30.66567421,30.51161766,Sunwich Port
-29.55945396,30.41977692,Orient Heights
-27.74635315,29.92475128,Amiel Park
-28.72790337,30.72720528,Howick Rural
-29.99769211,30.94374275,Isipingo Beach
-28.55065155,29.77845383,Egerton
-29.6871109,30.99662971,Brookdale
-29.74900246,30.80863953,Waterfall
-29.73958588,31.03770256,Kindlewood Estate
-30.17394066,30.81607628,Umgababa South
-29.20681572,29.99482536,Mooi River
-28.73962021,29.82500839,Colenso
-29.54495811,30.40637779,Bombay Heights
-31.02115059,30.23213005,Three Hills
-27.75251198,30.02392769,Madadeni C
-30.02537727,30.8676281,Kwamakutha
-28.72790337,30.72720528,Zululami Luxury Coastal Estate
-28.72790337,30.72720528,Blackridge
-29.63852501,30.42750168,Bellevue
-29.63745499,30.37799263,Fillan Park
-29.75000381,30.70200348,Drummond
-29.89485359,30.86711884,Crossmoor
-29.56662369,30.32952118,Town Bush Valley
-30.29813957,30.74495888,Scottburgh South
-30.21696663,30.79408264,Widenham
-28.72790337,30.72720528,Hillcrest Park
-29.95425987,30.91921234,Umlazi
-29.8638134,30.88394737,Northdene
-29.60937881,30.35202789,Prestbury
0.64073128,34.26295471,Malaba Hills
-31.06433296,30.21407509,Doc Wilson Point
-29.92858505,30.95280266,Woodlands
-28.78237534,32.10394669,Meer En See
-29.96046066,30.9695797,Merebank East
-29.63549805,30.3325386,Ashdown
-29.78975105,31.022686,Park Hill
-28.72790337,30.72720528,Schuinshoogte
-28.72790337,30.72720528,Lazuli Estate
-28.72790337,30.72720528,Birdswood
-29.88279343,30.96648026,Carrington Heights
-29.82460403,30.88508987,Cowies Hill Park
-29.5442543,30.28455353,Hiltara Park
-29.83333015,30.85000038,Pinelands
-29.93659782,31.00388527,Brighton Beach
-29.74018669,30.87776756,Folweni
-28.72790337,30.72720528,Howick Central
-29.88152122,30.84933662,Savannah Park
-29.7677784,31.01656342,Avoca
-29.69762802,30.99204254,Lenham
-29.67740822,31.00799561,Trenance Manor
-27.75322723,29.97389412,Riverside
-29.65465355,30.31235695,Edendale N
-29.57666206,30.31718445,Worlds View
-29.79479218,30.80236435,Gillitts
-28.72790337,30.72720528,Scottsville Ext
-28.72790337,30.72720528,Mariannheights
-28.72790337,30.72720528,Stanger Central
-29.67614555,31.01685143,Shastri Park
-28.72790337,30.72720528,Mzingazi Golf Estate
-30.00084305,30.91105652,Lotus Park
-29.83946037,30.85138321,Caversham Glen
-29.82845116,31.01591301,Windermere
-28.82473564,31.89111519,Felixton
-30.0853157,30.86598587,Warner Beach
-28.53524971,29.77013397,Observation Hill
-29.85240173,30.94577026,Chesterville
-29.5290966,30.25005722,Merrivale Heights
-28.72790337,30.72720528,Acaciaville
-28.72790337,30.72720528,Izinga Estate
-27.3777523,31.61569214,Pongola
-28.72790337,30.72720528,Westham
-28.72790337,30.72720528,Silverglen
-29.78199788,30.81310821,Everton H C
-29.82029533,31.00055504,Springfield
-29.7461586,31.04386902,Sunningdale
-30.19242859,30.74617004,Craigieburn
-29.79498672,30.97555542,Parlock
-29.84331322,30.96738052,Bonela
-29.97667122,30.92942047,Isipingo Rail
-27.53300095,32.68299866,Sodwana Bay
-27.73411369,29.95601463,Barry Hertzog Park
-29.55103302,30.43369102,Copesville
-29.91653824,30.96304131,Montclair
-30.11724854,30.84372902,Panorama Park
-28.72790337,30.72720528,South Ridge
-29.65633202,30.37230301,Westgate
-29.84052658,30.90398598,Grayleigh
-29.7919693,30.83304405,Everton
-29.66394234,31.03218842,Parkgate
-30.09223366,30.84921074,Astra Park
-28.72790337,30.72720528,Duffs Road
-29.7671051,31.05147171,Virginia
-29.77101135,30.77340698,Belvedere
-28.76022148,32.13074493,Mzingazi
-30.75697708,30.43240738,Greendale
-28.72790337,30.72720528,Carsdale
-29.34143257,29.79952812,Redcliffe
-29.50767899,31.2016983,Caledon Estate
-27.77482605,29.91090012,Bergview
-29.68109894,31.11305428,Selection Beach
-29.95425987,30.91921234,Umlazi M
-29.72053337,30.99674034,Phoenix Industrial
-29.70716332,31.07266202,Izinga Park
-29.56708336,30.29652405,Berry Hill
-29.69046974,30.94787598,Inanda
-28.72790337,30.72720528,Umhlali Golf Estate
-28.72790337,30.72720528,Emondlo Unit B
-29.95425987,30.91921234,Umlazi K
-29.52946281,31.2247448,Willard Beach
-27.77305412,29.95175171,Arborpark
-27.75251198,30.02392769,Madadeni F
-28.73713493,32.06697464,Veld En Vlei
-28.72790337,30.72720528,Plantations Estate
-29.98785591,30.91692734,Isipingo Hills
-31.02479935,30.24419975,Ivy Beach
-28.72790337,30.72720528,Claire Estate
-29.90070343,30.96523666,Sea View
-28.01398277,30.05671692,Dannhauser
-28.72790337,30.72720528,Pinetown Central
-29.76548576,30.76509094,Albany
-27.7739563,29.89787865,Fernwood
-28.4329052,32.13991165,KwaMsane
-29.65465355,30.31235695,Edendale
-29.62981224,30.40420914,Epworth
-28.72790337,30.72720528,Umhlanga Ridgeside
-29.8415451,30.8819294,Glen Park
-28.72790337,30.72720528,Durban Central
-28.72790337,30.72720528,Hawaan
-29.64685822,30.37261391,Grange
-29.31106567,31.34425545,Hyde Park
-29.636549,31.03450775,Everest Heights
-28.72790337,30.72720528,Monteseel
-28.72790337,30.72720528,Moorton
-29.35503197,29.99703026,Nottingham Road
-29.15505409,31.40776253,Mandeni
-28.5279808,29.80489731,Modelkloof
-29.78689003,30.80219269,Chelmsfordville
-28.72790337,30.72720528,Ladysmith Central
-29.79922676,30.8768425,The Wolds
-28.72790337,30.72720528,Sandfield
-29.69676971,31.022995,Stanmore
-27.77892494,30.08423042,Blaauwbosch Laagte
-29.82671165,30.9033432,Woodside
-29.94689751,30.99469757,Treasure Beach
-28.72790337,30.72720528,Amber Valley
-28.72790337,30.72720528,St Winifreds
-29.5578289,30.40590096,Newholme
-27.75251198,30.02392769,Madadeni G
-29.83173943,30.87491989,Sarnia
-29.58346748,30.28964996,Winterskloof
-29.55474854,30.35962677,Chase Valley Heights
-29.56107521,30.33335304,Oak Park
-30.75343704,30.4422245,Rathboneville
-30.57663155,29.88320923,Harding
-29.84820366,30.98030472,Waterval Park
-31.01528168,30.24568176,Leisure Crest
-28.53053284,29.77605438,Lynnwood Park
-29.54197311,30.30546379,Hilton Gardens
-28.57432365,29.90751457,Ezakheni C
-30.27016258,30.75935364,Freeland Park
-29.68881035,31.01896477,Forest Haven
-28.37475777,29.38081741,Van Reenen
-29.028862,29.45918655,Cathkin Park
-30.40201759,30.67222404,Sezela
-28.72790337,30.72720528,Bishopstowe
-27.75251198,30.02392769,Madadeni J
-28.72790337,30.72720528,Beverley Hills
-29.80335236,30.85538673,Hatton Estate
-30.08067322,30.85353088,Illovo Glen
2.09910059,17.29421425,KwaDabeka D
-29.6035099,30.37961769,Pietermaritzburg Central
-29.94315338,30.98041725,Austerville
-29.70334435,31.02226257,Eastbury
-29.81949234,30.74420929,Shongweni
-28.41378212,32.18809509,Mtubatuba
-27.56281471,32.0831337,Ubombo
-29.531147,30.3103981,Garlington Estate
-29.91566467,30.98661804,Clairwood
-29.80200005,31.03762627,Prospect Hall
-29.36268234,30.63136292,Cool Air
-29.73897552,30.66906548,Inchanga
-29.60131836,30.35295486,Clarendon
-29.72742462,30.84234238,Crestholme
-28.72790337,30.72720528,Winterton Rural
-29.71482086,31.0311451,Rockford
-27.73134613,29.97093582,Ncandu Park
-29.65465355,30.31235695,Edendale Q
-29.79922676,30.8768425,New Germany
-30.31964302,30.73692703,Park Rynie
-28.58019447,29.78283691,Hillside
-29.73674774,30.70561218,Phezulu
-29.85427284,31.03563309,South Beach
-29.79633331,30.85881424,Manors
-29.79329491,30.98753738,Hippo Road
-29.57455254,30.2824688,Mount Michael
-29.31422043,31.28640175,High Ridge
-29.95425987,30.91921234,Umlazi H
-30.69015312,30.49013519,Bendigo
-29.95425987,30.91921234,Umlazi Z
-27.72761154,29.96351814,Amajuba Park
-28.73982239,31.87900925,Hillview
-28.58282661,29.79014969,Aloepark
-30.62578392,30.54206467,Umzumbe
-26.1854987,28.0697994,Dunveria
-28.72790337,30.72720528,Ndwedwe Rural
-29.20681572,29.99482536,Mooi River Rural
-29.77001381,30.93960571,Westrich
-29.79446602,30.8932476,Clermont
-29.75396347,30.9414711,Ntuzuma
-29.028862,29.45918655,Cathkin Estate
-28.72790337,30.72720528,Belfort Estate
-29.75754929,30.73622894,Assagay
-29.88861656,30.80413437,Luganda
-28.72790337,30.72720528,Mount Edgecombe Retirement Village
-29.73002434,30.82890892,Crestview
-30.68891335,30.45233727,Louisianna
-29.71498108,31.01621437,Clayfield
-29.66119957,31.00909996,Trenance Park
-29.75455856,31.00626373,Avoca Hills
-28.72790337,30.72720528,Albersville
-28.72790337,30.72720528,Scottburgh Central
-29.86753273,30.94010353,Cato Manor
-28.57432365,29.90751457,Ezakheni
-29.94048119,30.94021034,Lamontville
-29.54486847,31.21361923,Ballitoville
-28.72790337,30.72720528,Ridge Park
-28.72790337,30.72720528,Ifafa marine
-29.96721458,30.78295135,Bhekulwandle
-29.88266754,30.81499672,Regency Park
-29.78915215,30.68965721,Cliffdale
-28.72790337,30.72720528,Kwawula Estate
-30.67279053,30.50849915,Anerley
-29.47605515,31.21787834,Umhlali
-29.80133247,31.01132965,Briardene
-28.66480255,32.02226639,Nseleni
-29.61737061,30.32581711,Boughton
-30.45000076,30.64999962,Ifafa Beach
-29.66685295,31.06883621,Waterloo
-29.7085762,30.99957657,Rydalvale
-29.52771187,30.23282814,Sakabula Golf & Country Estate
-29.26622963,31.35984039,Darnall
-29.70676422,31.08831787,Hawaan Forest Estate
-30.35860062,30.712183,Kelso
-31.03582764,30.22539902,Ekubo Coastal Estate
-29.44857407,31.22016716,Shakaskraal
-29.88166046,30.82832146,Klaarwater
-29.72204781,31.02290726,Rainham
-28.72970581,29.35110283,Bergville
-29.74775887,29.51257324,Himeville
2.09910059,17.29421425,Larnarco Estate
-29.91404152,31.0089283,Grosvenor
-29.53494835,31.22233391,Compensation Beach
-29.21911812,31.50519371,Tugela Mouth
-29.9006176,30.89133835,Burlington Heights
-29.54354477,31.13743591,Maidstone
-30.375522,30.678479,Selborne Golf Estate
-28.29674721,31.42258263,Ulundi
-27.77775574,29.91354942,Richview
-29.82697296,30.18465996,Byrne
-28.72790337,30.72720528,Mtunzini Rural
-29.90555573,30.92378616,Umhlatuzana
-30.25543594,30.71581078,Amandawe
-29.57987404,30.3661499,Northern Park
-29.72306442,31.03105927,Greenbury
-29.76398059,30.87403955,Cotton Lands
-28.72790337,30.72720528,Ensimbini
-29.65114403,31.05516815,Temple Valley
-29.54998207,30.38466644,Mysore Ridge
-29.98405266,30.70382881,Umbumbulu
2.09910059,17.29421425,Erin-Go-Braght
-28.72790337,30.72720528,Hilton Rural
-29.95425987,30.91921234,Umlazi Y
-29.39004707,31.2446804,Groutville
-29.63032913,31.048563,Riverview Park
-29.00919533,29.87536812,Estcourt
-29.70228958,31.00077057,Starwood
-29.8732005,30.99432895,Lincoln Meade
-28.72790337,30.72720528,Mount Richmore Village Estate
-29.73633575,31.03050232,Southgate
-29.74018669,30.87776756,Molweni
-30.20583153,30.79824829,Umkomaas
-27.75251198,30.02392769,Madadeni R
-29.55057335,30.28845406,Leonard
-27.75251198,30.02392769,Madadeni A
-29.52603159,31.20230998,Ballito Gardens Estate
-28.72790337,30.72720528,Umhlanga Rural
-29.94760704,30.80620384,Ezinyathini
-30.07053566,30.86208534,Doon Heights
-28.72790337,30.72720528,Mountain Homes
-28.72790337,30.72720528,Broadlands
-29.81163979,30.69110298,Riverdale
-29.78792953,30.87969971,Berkshire Downs
-29.39860916,30.04722023,Balgowan
-28.72790337,30.72720528,Napierville
-28.37693024,32.36472321,Khula Village
-29.92733383,30.99549866,Wentworth
-27.7733326,30.83667946,Vryheid East
-29.70585442,31.0363884,Mount Edgecombe North
-28.57432365,29.90751457,Ezakheni E
-26.17763004,28.04937423,Gowrie Village
-29.7739048,30.78943062,Langford Country Estate
-30.49119568,30.63226509,Mthwalume
-29.85965675,31.0374461,Gandhi's Hill
-29.52474213,31.22654533,Black Rock
-29.65335464,30.38160133,Richmond Crest
-28.72790337,30.72720528,Vanrova
-29.76195717,30.79834557,Le Domaine
-29.88706017,30.93169022,Memorial Park
-29.95425987,30.91921234,Umlazi B
-29.63969231,31.03737831,Grangetown
-29.72323036,31.01462936,Stonebridge
-28.72790337,30.72720528,Willowton
-29.49098742,31.24853964,Sheffield Bay
-28.56321335,29.81540108,Steadville
-28.56362152,29.76197052,Van Riebeeck Park
-29.60910988,30.33469772,Lester Park
-28.57420731,29.77981377,Rose Park
-31.05954361,30.22139931,Salmon Bay
-30.5625782,30.57983208,Catalina Bay
-29.73571205,30.5878849,Cato Ridge
-29.95425987,30.91921234,Umlazi W
-28.86878777,31.90990448,Esikhawini Rural
-29.64020729,31.09068298,Mount Moreland
-28.72790337,30.72720528,Ingagane
-29.57165718,30.36104393,Chase Valley Downs
-28.72790337,30.72720528,Muswell Hill
-29.81215096,30.63694,Hammarsdale
-29.33747101,31.27717972,Rocky Park
-29.97835922,30.86797333,Umlazi AA
-29.57740021,31.11592484,Mitchell Village
-29.65465355,30.31235695,Edendale J
-28.72790337,30.72720528,Amberfield
-29.55514872,30.23928579,Birnamwood
-29.95425987,30.91921234,Umlazi G
-29.65465355,30.31235695,Edendale S
2.09910059,17.29421425,Ezakheni B
-29.77819824,30.94166565,Earlsfield
-29.64481544,31.02788544,Oaklands
-28.72790337,30.72720528,Amber Ridge
-28.72790337,30.72720528,Bakerville Heights
-28.72790337,30.72720528,Queensburgh Central
2.09910059,17.29421425,Shulton Park
-29.3268261,31.28500938,Warrenton
-29.84028244,30.88931084,Paradise Valley
-30.28913881,30.74031286,Renishaw Hills
-29.76347351,31.02785492,Red Hill
-29.89981079,31.03390503,Ottos Bluff
-29.52734947,31.20984268,Deepdene
-28.72790337,30.72720528,The Gates
-29.95425987,30.91921234,Umlazi R
-29.04763794,31.52803993,Amatikulu
-29.95425987,30.91921234,Umlazi U
-28.72790337,30.72720528,Verulam Rural
-30.5457325,29.44096756,Bhongweni
-29.6544323,31.05494308,Valdin Heights
-29.76263618,30.80854797,Clifton Hill Estate
-29.68290138,30.30095482,Newtown
-28.8576355,31.83694077,Vulindlela
-28.72790337,30.72720528,Karkloof Estate
-28.72790337,30.72720528,Eshowe Rural
-29.86109924,31.0359993,Point Waterfront
-28.61218452,29.12531853,Drakensberg
-29.5773468,31.10060692,Watsonia
-29.43304253,30.57978439,Wartburg
-29.84142685,30.83834076,Mariannhill Park
-29.76371002,30.78588676,Kirtlington Park
-29.87828827,30.73319626,Zwelibomvu
-25.03398459,31.14069939,River Goose Estate
-29.57926369,31.08939171,Flamingo Heights
-29.33746719,31.2900238,Kwamathukuza
-28.72790337,30.72720528,Mount View
-29.81343873,30.90453932,Ronaldskloof
-29.47644424,30.18439293,Tweedie
-29.92053795,30.89008713,Croftdene
-28.72790337,30.72720528,Bulwer Rural
-29.54837418,31.19696999,Port Zimbali
-28.72790337,30.72720528,Ladysmith Rural
-28.72790337,30.72720528,Brooklyn Forest Estate
-29.86095619,30.87693405,Nirvana Hills
-28.72790337,30.72720528,Samanaville
-28.72790337,30.72720528,Sunnyridge
-28.72790337,30.72720528,Loxley
-29.86897087,30.84711266,St Wendolins Ridge
-29.84298325,30.83004379,Mariannhill
-29.86130714,30.9421463,Ridgeview
-28.99292755,29.86626816,Forderville
-29.94414711,30.95183945,Mobeni
-29.83501625,30.98283768,Sparks
-29.84342766,31.03374672,North Beach
-29.90728238,31.02428352,Emberton Estate
-29.87421989,30.78853416,Birchwood Park
-29.84657669,31.01319313,Greyville
-29.95425987,30.91921234,Umlazi P
-28.43528938,32.18345642,River View
-29.68649101,30.33994865,Edendale BB
-29.21634293,30.00655365,Townview
-28.14531898,31.87632942,Hlabisa
-29.63865852,30.97383499,Buffelsdraai
-29.64669228,31.02282906,Suriya Heights
-28.72790337,30.72720528,Dawnside
-28.73743057,31.89942741,Noordsig
-28.72790337,30.72720528,Sparks Estate
-29.35437393,30.52671814,New Hanover
-29.6773483,31.1134636,Newsel Beach
-28.72790337,30.72720528,Newcastle Rural
-28.72790337,30.72720528,Bhudubhudu
-29.51023293,31.20094299,Shortens Country Estate
-28.51733398,29.3534317,Geluksburg
-29.1738472,31.41021538,Padianager
-29.58882541,30.41824196,Cinderella Park
-28.72790337,30.72720528,New Salt Rock City
-29.60111809,30.39250374,Manor
-28.19849968,30.16110611,Sithembile
-28.72790337,30.72720528,New Town Centre
-27.77669716,29.92622185,Fairleigh
-29.35618973,31.29097557,Larkfield
-28.72790337,30.72720528,Edgemount Estate
-28.72790337,30.72720528,Epitoli
-29.78876305,30.66209793,Elangeni
-29.62621689,31.05695915,Canelands
-29.58843422,30.36647034,Town Hill
-29.66486556,31.11440062,Umhloti Heights
-27.75251198,30.02392769,Madadeni
-29.72920924,31.03597188,Mount Edgecombe Ext 3
-29.57867432,30.37235069,Chasedene
-29.59552193,30.42474937,Sobantu
-28.72790337,30.72720528,Sweetwaters
-29.8839817,30.88480186,Buffels Bosch
-30.00004196,30.89172554,Malukazi
-27.67705727,31.06888199,Coronation
-28.8523922,30.08463478,Weenen
-29.65982246,31.02293968,Riet River
-29.95425987,30.91921234,Umlazi Q
-33.87055771,18.4905848,Tanglewood Estate
-28.72790337,30.72720528,Mawothi
-28.72790337,30.72720528,Saiccor Village
-29.47823334,31.23681641,Sheffield Manor
-29.32746315,31.29303741,Northlands
-29.60111809,30.39250374,Mount Edgecombe Manor
-29.53237343,31.21405983,Deepdale
-28.72790337,30.72720528,Acutts Estate
-29.76886559,30.8742485,Ekuthuleni
-29.78689003,30.98152542,New Dawn Park
-28.72790337,30.72720528,Mposa
-29.74241638,30.99821091,KwaMashu M
-31.04406548,30.22827721,North Sand Bluff
-29.74241638,30.99821091,KwaMashu P
-29.36850166,31.28848076,Gledhow
-27.76238823,29.91221619,Surayaville
-29.55843544,30.33209991,Upper Ferncliffe
-29.78746986,30.76856613,Hilldene
-28.8684597,31.83916092,Ongoye
-28.72790337,30.72720528,Umbango
-29.60905566,31.1586464,Genazzano
-29.58285332,31.10219574,Chelmsford Heights
-29.73565865,30.43660927,Manderston
-28.72790337,30.72720528,Fields Hill
-29.53885651,30.37643051,Claridge
-29.68652534,30.93688965,Amatikwe
-29.51024055,31.23145485,Umhlali Beach
-29.80714035,31.04031944,Beachwood
-28.72790337,30.72720528,Palm Springs Village
-28.72790337,30.72720528,St Helier
-29.01786995,29.84261894,Wembezi
-29.65413094,30.38481712,Hazelmere
-29.85603523,30.96162224,Wiggins
-28.72790337,30.72720528,Ballito Rural
-30.76445961,30.2447834,Paddock
2.09910059,17.29421425,Folweni B
-28.72790337,30.72720528,Etete
-28.72790337,30.72720528,Marburg Settlement
-28.57432365,29.90751457,Ezakheni A
-29.67273903,30.37073135,Slangspruit
-29.42351723,30.48729515,Mpolweni
-27,32.83332825,Kosi Bay
-28.72790337,30.72720528,Augusta Country Estate
-29.75455856,31.00626373,Corovoca
-29.6708658,30.39233869,Bisley Heights
-29.77921295,30.89702988,Kwadabeka
-29.95425987,30.91921234,Umlazi E
-26.64339045,27.89970605,Eniwe
-27.75251198,30.02392769,Magabeni
-28.96213913,29.65851784,Bhekuzulu
-29.77921295,30.89702988,KwaDabeka E
-28.72790337,30.72720528,Hilldrop
-28.6590004,31.78499985,Heatonville
-29.8293607,31.00593425,Springfield Park
-26.47519357,29.11349063,Cordoba Gardens
2.09910059,17.29421425,KwaDabeka G
-29.7478714,31.01983261,Mount Moriah
-27.6172924,32.03171921,Jozini
-29.77523613,30.93317223,Riverdene
-29.90465546,31.01118851,Bayhead
-28.63299561,29.69652367,Meadows
-29.9048214,30.9804039,Rossburgh
-30.17857742,30.75893784,Magabeni A
-28.39896965,32.2171936,Honeydale
-30.18992996,30.80757904,Ilfracombe
-27.75251198,30.02392769,Madadeni P
-29.87809753,30.8328476,Phumphele
-28.72790337,30.72720528,Brewitt
-28.72790337,30.72720528,Mvutshini
-29.60529137,30.40003967,Wensleydale
-29.65465355,30.31235695,Edendale H
-29.56055069,31.1222229,Hambanati
-28.72790337,30.72720528,Dargle
-29.63363075,30.26071358,Henley
-28.72790337,30.72720528,Moola Industrial
-28.07983589,30.12540817,Hattingspruit
-28.72790337,30.72720528,Ovondlo
-28.72790337,30.72720528,Utrecht Rural
